[
    {
        "name": ".archive.saa",
        "path": "adrenotegra/",
        "size": 224061090,
        "date": 1719834844
    },
    {
        "name": ".archive.zip",
        "path": "adrenotegra/",
        "size": 147426989,
        "date": 1724863627
    },
    {
        "name": ".archive1.saa",
        "path": "adrenotegra/",
        "size": 685659034,
        "date": 1719838405
    },
    {
        "name": ".archive1.zip",
        "path": "adrenotegra/",
        "size": 230138051,
        "date": 1724863777
    },
    {
        "name": ".archive.saa",
        "path": "etc/",
        "size": 224061090,
        "date": 1722965382
    },
    {
        "name": ".archive.zip",
        "path": "etc/",
        "size": 147426971,
        "date": 1724863354
    },
    {
        "name": ".archive1.saa",
        "path": "etc/",
        "size": 685659034,
        "date": 1722965353
    },
    {
        "name": ".archive1.zip",
        "path": "etc/",
        "size": 230138071,
        "date": 1724863502
    },
    {
        "name": "GTASAMP10.b",
        "path": "files/",
        "size": 130000,
        "date": 1693611895
    },
    {
        "name": "SAMP.ide",
        "path": "files/SAMP/",
        "size": 87794,
        "date": 1692141855
    },
    {
        "name": "TIMECYC.DAT",
        "path": "files/SAMP/",
        "size": 40037,
        "date": 1692141855
    },
    {
        "name": "arial.ttf",
        "path": "files/SAMP/fonts/",
        "size": 352224,
        "date": 1692141853
    },
    {
        "name": "arial_bold.ttf",
        "path": "files/SAMP/fonts/",
        "size": 352224,
        "date": 1692141853
    },
    {
        "name": "muller.ttf",
        "path": "files/SAMP/fonts/",
        "size": 85756,
        "date": 1692141853
    },
    {
        "name": "sampaux3.ttf",
        "path": "files/SAMP/fonts/",
        "size": 11544,
        "date": 1692141853
    },
    {
        "name": "gta.dat",
        "path": "files/SAMP/",
        "size": 1624,
        "date": 1692141854
    },
    {
        "name": "handling-comfort.cfg",
        "path": "files/SAMP/",
        "size": 67168,
        "date": 1692141856
    },
    {
        "name": "handling-drift.cfg",
        "path": "files/SAMP/",
        "size": 67168,
        "date": 1692141857
    },
    {
        "name": "handling-plus.cfg",
        "path": "files/SAMP/",
        "size": 67168,
        "date": 1692141857
    },
    {
        "name": "handling-sport.cfg",
        "path": "files/SAMP/",
        "size": 67168,
        "date": 1692141856
    },
    {
        "name": "handling.cfg",
        "path": "files/SAMP/",
        "size": 71166,
        "date": 1692141854
    },
    {
        "name": "handlingname.txt",
        "path": "files/SAMP/",
        "size": 401,
        "date": 1692141854
    },
    {
        "name": "main.scm",
        "path": "files/SAMP/",
        "size": 19703,
        "date": 1692141854
    },
    {
        "name": "peds.ide",
        "path": "files/SAMP/",
        "size": 52821,
        "date": 1692141854
    },
    {
        "name": "ru_font.ttf",
        "path": "files/SAMP/plates/",
        "size": 162548,
        "date": 1692141852
    },
    {
        "name": "ua_font.ttf",
        "path": "files/SAMP/plates/",
        "size": 162640,
        "date": 1692141852
    },
    {
        "name": "script.img",
        "path": "files/SAMP/",
        "size": 4096,
        "date": 1692141855
    },
    {
        "name": "settings.ini",
        "path": "files/SAMP/",
        "size": 610,
        "date": 1723043292
    },
    {
        "name": "vehicleAudioSettings.cfg",
        "path": "files/SAMP/",
        "size": 30783,
        "date": 1692141855
    },
    {
        "name": "vehicles.ide",
        "path": "files/SAMP/",
        "size": 29557,
        "date": 1692141856
    },
    {
        "name": "weapon.dat",
        "path": "files/SAMP/",
        "size": 11585,
        "date": 1692141856
    },
    {
        "name": "american.gxt",
        "path": "files/Text/",
        "size": 1339196,
        "date": 1692141673
    },
    {
        "name": "french.gxt",
        "path": "files/Text/",
        "size": 1459076,
        "date": 1692141673
    },
    {
        "name": "german.gxt",
        "path": "files/Text/",
        "size": 1497150,
        "date": 1692141674
    },
    {
        "name": "italian.gxt",
        "path": "files/Text/",
        "size": 1371036,
        "date": 1692141675
    },
    {
        "name": "japanese.gxt",
        "path": "files/Text/",
        "size": 643330,
        "date": 1692141675
    },
    {
        "name": "russian.gxt",
        "path": "files/Text/",
        "size": 1421150,
        "date": 1692141676
    },
    {
        "name": "spanish.gxt",
        "path": "files/Text/",
        "size": 1386748,
        "date": 1692141676
    },
    {
        "name": "JapaneseFont.met",
        "path": "files/Textures/fonts/",
        "size": 45171,
        "date": 1692141672
    },
    {
        "name": "JapaneseFont.png",
        "path": "files/Textures/fonts/",
        "size": 187721,
        "date": 1692141672
    },
    {
        "name": "RussianFont.met",
        "path": "files/Textures/fonts/",
        "size": 4279,
        "date": 1692141672
    },
    {
        "name": "RussianFont.png",
        "path": "files/Textures/fonts/",
        "size": 38743,
        "date": 1692141672
    },
    {
        "name": "anim.img",
        "path": "files/anim/",
        "size": 10942464,
        "date": 1692141985
    },
    {
        "name": "cuts.img",
        "path": "files/anim/",
        "size": 16029696,
        "date": 1692141986
    },
    {
        "name": "ped.ifp",
        "path": "files/anim/",
        "size": 1433248,
        "date": 1692141987
    },
    {
        "name": "AudioEventHistory.txt",
        "path": "files/audio/CONFIG/",
        "size": 114056,
        "date": 1692141978
    },
    {
        "name": "BankLkup.dat",
        "path": "files/audio/CONFIG/",
        "size": 3828,
        "date": 1692141978
    },
    {
        "name": "BankSlot.dat",
        "path": "files/audio/CONFIG/",
        "size": 216902,
        "date": 1692141978
    },
    {
        "name": "BanksNum.dat",
        "path": "files/audio/CONFIG/",
        "size": 16,
        "date": 1692141981
    },
    {
        "name": "EventVol.dat",
        "path": "files/audio/CONFIG/",
        "size": 45402,
        "date": 1692141978
    },
    {
        "name": "PakFiles.dat",
        "path": "files/audio/CONFIG/",
        "size": 208,
        "date": 1692141979
    },
    {
        "name": "SOUNDINF.DAT",
        "path": "files/audio/CONFIG/",
        "size": 20012,
        "date": 1692141979
    },
    {
        "name": "StrmPaks.dat",
        "path": "files/audio/CONFIG/",
        "size": 272,
        "date": 1692141979
    },
    {
        "name": "TRKHEAD.DAT",
        "path": "files/audio/CONFIG/",
        "size": 15506696,
        "date": 1692141981
    },
    {
        "name": "TrakLkup.dat",
        "path": "files/audio/CONFIG/",
        "size": 23064,
        "date": 1692141979
    },
    {
        "name": "enginesfx.dat",
        "path": "files/audio/CONFIG/",
        "size": 2305,
        "date": 1692142110
    },
    {
        "name": "exhausts.dat",
        "path": "files/audio/CONFIG/",
        "size": 357,
        "date": 1692141982
    },
    {
        "name": "FEET.osw",
        "path": "files/audio/SFX/",
        "size": 138118,
        "date": 1692141958
    },
    {
        "name": "FEET.osw.idx",
        "path": "files/audio/SFX/",
        "size": 1220,
        "date": 1692141958
    },
    {
        "name": "GENRL.osw",
        "path": "files/audio/SFX/",
        "size": 12159361,
        "date": 1692141970
    },
    {
        "name": "GENRL.osw.idx",
        "path": "files/audio/SFX/",
        "size": 22148,
        "date": 1692141970
    },
    {
        "name": "PAIN_A.osw",
        "path": "files/audio/SFX/",
        "size": 3247335,
        "date": 1692141971
    },
    {
        "name": "PAIN_A.osw.idx",
        "path": "files/audio/SFX/",
        "size": 12836,
        "date": 1692141971
    },
    {
        "name": "VEHICLE.osw",
        "path": "files/audio/SFX/",
        "size": 58638957,
        "date": 1692141977
    },
    {
        "name": "VEHICLE.osw.idx",
        "path": "files/audio/SFX/",
        "size": 13764,
        "date": 1692141977
    },
    {
        "name": "AA.osw",
        "path": "files/audio/STREAMS/",
        "size": 15462,
        "date": 1692141947
    },
    {
        "name": "AA.osw.idx",
        "path": "files/audio/STREAMS/",
        "size": 1522,
        "date": 1692141947
    },
    {
        "name": "ADVERTS.osw",
        "path": "files/audio/STREAMS/",
        "size": 3516982,
        "date": 1692141948
    },
    {
        "name": "ADVERTS.osw.idx",
        "path": "files/audio/STREAMS/",
        "size": 1591,
        "date": 1692141948
    },
    {
        "name": "AMBIENCE.osw",
        "path": "files/audio/STREAMS/",
        "size": 22719112,
        "date": 1692141951
    },
    {
        "name": "AMBIENCE.osw.idx",
        "path": "files/audio/STREAMS/",
        "size": 924,
        "date": 1692141951
    },
    {
        "name": "BEATS.osw",
        "path": "files/audio/STREAMS/",
        "size": 9415375,
        "date": 1692141953
    },
    {
        "name": "BEATS.osw.idx",
        "path": "files/audio/STREAMS/",
        "size": 234,
        "date": 1692141953
    },
    {
        "name": "CH.osw",
        "path": "files/audio/STREAMS/",
        "size": 15462,
        "date": 1692141953
    },
    {
        "name": "CH.osw.idx",
        "path": "files/audio/STREAMS/",
        "size": 2994,
        "date": 1692141953
    },
    {
        "name": "CO.osw",
        "path": "files/audio/STREAMS/",
        "size": 15462,
        "date": 1692141953
    },
    {
        "name": "CO.osw.idx",
        "path": "files/audio/STREAMS/",
        "size": 3569,
        "date": 1692141954
    },
    {
        "name": "CR.osw",
        "path": "files/audio/STREAMS/",
        "size": 15462,
        "date": 1692141954
    },
    {
        "name": "CR.osw.idx",
        "path": "files/audio/STREAMS/",
        "size": 3592,
        "date": 1692141954
    },
    {
        "name": "CUTSCENE.osw",
        "path": "files/audio/STREAMS/",
        "size": 301175,
        "date": 1692141954
    },
    {
        "name": "CUTSCENE.osw.idx",
        "path": "files/audio/STREAMS/",
        "size": 3247,
        "date": 1692141955
    },
    {
        "name": "DS.osw",
        "path": "files/audio/STREAMS/",
        "size": 15462,
        "date": 1692141955
    },
    {
        "name": "DS.osw.idx",
        "path": "files/audio/STREAMS/",
        "size": 4121,
        "date": 1692141955
    },
    {
        "name": "HC.osw",
        "path": "files/audio/STREAMS/",
        "size": 15462,
        "date": 1692141955
    },
    {
        "name": "HC.osw.idx",
        "path": "files/audio/STREAMS/",
        "size": 2649,
        "date": 1692141955
    },
    {
        "name": "MH.osw",
        "path": "files/audio/STREAMS/",
        "size": 15462,
        "date": 1692141956
    },
    {
        "name": "MH.osw.idx",
        "path": "files/audio/STREAMS/",
        "size": 3500,
        "date": 1692141956
    },
    {
        "name": "MR.osw",
        "path": "files/audio/STREAMS/",
        "size": 15462,
        "date": 1692141956
    },
    {
        "name": "MR.osw.idx",
        "path": "files/audio/STREAMS/",
        "size": 3385,
        "date": 1692141956
    },
    {
        "name": "NJ.osw",
        "path": "files/audio/STREAMS/",
        "size": 15462,
        "date": 1692141956
    },
    {
        "name": "NJ.osw.idx",
        "path": "files/audio/STREAMS/",
        "size": 2994,
        "date": 1692141957
    },
    {
        "name": "RE.osw",
        "path": "files/audio/STREAMS/",
        "size": 15462,
        "date": 1692141957
    },
    {
        "name": "RE.osw.idx",
        "path": "files/audio/STREAMS/",
        "size": 3707,
        "date": 1692141957
    },
    {
        "name": "RG.osw",
        "path": "files/audio/STREAMS/",
        "size": 15462,
        "date": 1692141957
    },
    {
        "name": "RG.osw.idx",
        "path": "files/audio/STREAMS/",
        "size": 3914,
        "date": 1692141957
    },
    {
        "name": "TK.osw",
        "path": "files/audio/STREAMS/",
        "size": 15462,
        "date": 1692141958
    },
    {
        "name": "TK.osw.idx",
        "path": "files/audio/STREAMS/",
        "size": 2327,
        "date": 1692141958
    },
    {
        "name": "vehicle_sound_alarm.mp3",
        "path": "files/audio/audiostream/",
        "size": 16829,
        "date": 1692141982
    },
    {
        "name": "vehicle_sound_door.mp3",
        "path": "files/audio/audiostream/",
        "size": 5614,
        "date": 1692141982
    },
    {
        "name": "vehicle_sound_engine.mp3",
        "path": "files/audio/audiostream/",
        "size": 14672,
        "date": 1692141982
    },
    {
        "name": "witch_death.mp3",
        "path": "files/audio/audiostream/",
        "size": 41638,
        "date": 1692141982
    },
    {
        "name": "witch_laugh_1.mp3",
        "path": "files/audio/audiostream/",
        "size": 22986,
        "date": 1692141983
    },
    {
        "name": "witch_laugh_2.mp3",
        "path": "files/audio/audiostream/",
        "size": 32081,
        "date": 1692141983
    },
    {
        "name": "witch_laugh_3.mp3",
        "path": "files/audio/audiostream/",
        "size": 74817,
        "date": 1692141983
    },
    {
        "name": "witch_laugh_4.mp3",
        "path": "files/audio/audiostream/",
        "size": 32081,
        "date": 1692141983
    },
    {
        "name": "360Default1280x720.cfg",
        "path": "files/data/",
        "size": 10898,
        "date": 1692141937
    },
    {
        "name": "360Default960x720.cfg",
        "path": "files/data/",
        "size": 10888,
        "date": 1692141937
    },
    {
        "name": "Cop.ped",
        "path": "files/data/Decision/Allowed/",
        "size": 4908,
        "date": 1692141933
    },
    {
        "name": "Fireman.ped",
        "path": "files/data/Decision/Allowed/",
        "size": 4435,
        "date": 1692141934
    },
    {
        "name": "GangMbr.ped",
        "path": "files/data/Decision/Allowed/",
        "size": 6194,
        "date": 1692141934
    },
    {
        "name": "Indoors.ped",
        "path": "files/data/Decision/Allowed/",
        "size": 2809,
        "date": 1692141934
    },
    {
        "name": "MISSION.grp",
        "path": "files/data/Decision/Allowed/",
        "size": 2758,
        "date": 1692141934
    },
    {
        "name": "RANDOM.grp",
        "path": "files/data/Decision/Allowed/",
        "size": 4623,
        "date": 1692141936
    },
    {
        "name": "RANDOM.ped",
        "path": "files/data/Decision/Allowed/",
        "size": 4142,
        "date": 1692141936
    },
    {
        "name": "RANDOM2.grp",
        "path": "files/data/Decision/Allowed/",
        "size": 4623,
        "date": 1692141936
    },
    {
        "name": "R_Norm.ped",
        "path": "files/data/Decision/Allowed/",
        "size": 6450,
        "date": 1692141936
    },
    {
        "name": "R_Tough.ped",
        "path": "files/data/Decision/Allowed/",
        "size": 6378,
        "date": 1692141936
    },
    {
        "name": "R_Weak.ped",
        "path": "files/data/Decision/Allowed/",
        "size": 6289,
        "date": 1692141937
    },
    {
        "name": "m_empty.ped",
        "path": "files/data/Decision/Allowed/",
        "size": 982,
        "date": 1692141934
    },
    {
        "name": "m_norm.ped",
        "path": "files/data/Decision/Allowed/",
        "size": 4142,
        "date": 1692141935
    },
    {
        "name": "m_plyr.ped",
        "path": "files/data/Decision/Allowed/",
        "size": 2000,
        "date": 1692141935
    },
    {
        "name": "m_steal.ped",
        "path": "files/data/Decision/Allowed/",
        "size": 3663,
        "date": 1692141935
    },
    {
        "name": "m_tough.ped",
        "path": "files/data/Decision/Allowed/",
        "size": 3980,
        "date": 1692141935
    },
    {
        "name": "m_weak.ped",
        "path": "files/data/Decision/Allowed/",
        "size": 4062,
        "date": 1692141935
    },
    {
        "name": "PedEvent.txt",
        "path": "files/data/Decision/",
        "size": 1298,
        "date": 1692141937
    },
    {
        "name": "ShopUVs.dat",
        "path": "files/data/",
        "size": 30509,
        "date": 1692141943
    },
    {
        "name": "TouchDefaultPhone3x2.cfg",
        "path": "files/data/",
        "size": 10912,
        "date": 1692141944
    },
    {
        "name": "TouchDefaultPhoneWidescreen.cfg",
        "path": "files/data/",
        "size": 10924,
        "date": 1692141944
    },
    {
        "name": "TouchDefaultTablet4x3.cfg",
        "path": "files/data/",
        "size": 10926,
        "date": 1692141945
    },
    {
        "name": "TouchDefaultTabletWidescreen.cfg",
        "path": "files/data/",
        "size": 10923,
        "date": 1692141945
    },
    {
        "name": "animgrp.dat",
        "path": "files/data/",
        "size": 3096,
        "date": 1692141937
    },
    {
        "name": "ar_stats.dat",
        "path": "files/data/",
        "size": 3593,
        "date": 1692141938
    },
    {
        "name": "carcols.dat",
        "path": "files/data/",
        "size": 15361,
        "date": 1692141938
    },
    {
        "name": "cargrp.dat",
        "path": "files/data/",
        "size": 3909,
        "date": 1692141938
    },
    {
        "name": "carmods.dat",
        "path": "files/data/",
        "size": 8477,
        "date": 1692141938
    },
    {
        "name": "clothes.dat",
        "path": "files/data/",
        "size": 5317,
        "date": 1692141938
    },
    {
        "name": "colorcycle.dat",
        "path": "files/data/",
        "size": 13612,
        "date": 1692141939
    },
    {
        "name": "customtune.dat",
        "path": "files/data/",
        "size": 21404,
        "date": 1692141947
    },
    {
        "name": "default.dat",
        "path": "files/data/",
        "size": 577,
        "date": 1692141939
    },
    {
        "name": "default.ide",
        "path": "files/data/",
        "size": 4679,
        "date": 1692141939
    },
    {
        "name": "fonts.dat",
        "path": "files/data/",
        "size": 3576,
        "date": 1692141939
    },
    {
        "name": "furnitur.dat",
        "path": "files/data/",
        "size": 16480,
        "date": 1692141940
    },
    {
        "name": "gridref.dat",
        "path": "files/data/",
        "size": 1498,
        "date": 1692141940
    },
    {
        "name": "gta.dat",
        "path": "files/data/",
        "size": 1742,
        "date": 1692141940
    },
    {
        "name": "handling.cfg",
        "path": "files/data/",
        "size": 64354,
        "date": 1692141940
    },
    {
        "name": "info.zon",
        "path": "files/data/",
        "size": 28139,
        "date": 1692141940
    },
    {
        "name": "map.zon",
        "path": "files/data/",
        "size": 436,
        "date": 1692141941
    },
    {
        "name": "Arzamas.ide",
        "path": "files/data/maps/",
        "size": 6066,
        "date": 1692141932
    },
    {
        "name": "Audiozon.ipl",
        "path": "files/data/maps/",
        "size": 10802,
        "date": 1692141909
    },
    {
        "name": "BRWinter.ide",
        "path": "files/data/maps/",
        "size": 22606,
        "date": 1692141932
    },
    {
        "name": "Batyrevo.ide",
        "path": "files/data/maps/",
        "size": 357,
        "date": 1692141932
    },
    {
        "name": "LOD.ide",
        "path": "files/data/maps/",
        "size": 50503,
        "date": 1692141929
    },
    {
        "name": "Lutkarino.ide",
        "path": "files/data/maps/",
        "size": 12447,
        "date": 1692141933
    },
    {
        "name": "Mount.ide",
        "path": "files/data/maps/",
        "size": 46598,
        "date": 1692142009
    },
    {
        "name": "NTrees_map.ipl",
        "path": "files/data/maps/",
        "size": 352930,
        "date": 1692141912
    },
    {
        "name": "NTrees_map2.ipl",
        "path": "files/data/maps/",
        "size": 357068,
        "date": 1692141912
    },
    {
        "name": "NTrees_map3.ipl",
        "path": "files/data/maps/",
        "size": 205945,
        "date": 1692141913
    },
    {
        "name": "Props.ide",
        "path": "files/data/maps/",
        "size": 21434,
        "date": 1692141933
    },
    {
        "name": "SAMP.ide",
        "path": "files/data/maps/",
        "size": 87794,
        "date": 1692142009
    },
    {
        "name": "Yjniy.ide",
        "path": "files/data/maps/",
        "size": 853,
        "date": 1692141933
    },
    {
        "name": "cull.ipl",
        "path": "files/data/maps/",
        "size": 104318,
        "date": 1692141909
    },
    {
        "name": "gamepart.ipl",
        "path": "files/data/maps/",
        "size": 241510,
        "date": 1692141909
    },
    {
        "name": "gen_int1.ipl",
        "path": "files/data/maps/",
        "size": 241510,
        "date": 1692141931
    },
    {
        "name": "gen_int1.ipl.ipl",
        "path": "files/data/maps/",
        "size": 245274,
        "date": 1692142162
    },
    {
        "name": "barriers.ide",
        "path": "files/data/maps/generic/",
        "size": 1437,
        "date": 1692141907
    },
    {
        "name": "dynamic.ide",
        "path": "files/data/maps/generic/",
        "size": 12200,
        "date": 1692141908
    },
    {
        "name": "dynamic2.ide",
        "path": "files/data/maps/generic/",
        "size": 10524,
        "date": 1692141908
    },
    {
        "name": "multiobj.ide",
        "path": "files/data/maps/generic/",
        "size": 5020,
        "date": 1692141908
    },
    {
        "name": "procobj.ide",
        "path": "files/data/maps/generic/",
        "size": 4755,
        "date": 1692141908
    },
    {
        "name": "vegepart.ide",
        "path": "files/data/maps/generic/",
        "size": 8062,
        "date": 1692141908
    },
    {
        "name": "generic.ide",
        "path": "files/data/maps/",
        "size": 12707,
        "date": 1692142009
    },
    {
        "name": "gen_int1.ide",
        "path": "files/data/maps/interior/",
        "size": 2747,
        "date": 1692141902
    },
    {
        "name": "gen_int1.ipl",
        "path": "files/data/maps/interior/",
        "size": 21074,
        "date": 1692141902
    },
    {
        "name": "gen_int2.ide",
        "path": "files/data/maps/interior/",
        "size": 10941,
        "date": 1692141902
    },
    {
        "name": "gen_int2.ipl",
        "path": "files/data/maps/interior/",
        "size": 1683,
        "date": 1692141903
    },
    {
        "name": "gen_int3.ide",
        "path": "files/data/maps/interior/",
        "size": 3252,
        "date": 1692141903
    },
    {
        "name": "gen_int3.ipl",
        "path": "files/data/maps/interior/",
        "size": 2091,
        "date": 1692141903
    },
    {
        "name": "gen_int4.ide",
        "path": "files/data/maps/interior/",
        "size": 2323,
        "date": 1692141903
    },
    {
        "name": "gen_int4.ipl",
        "path": "files/data/maps/interior/",
        "size": 1185,
        "date": 1692141903
    },
    {
        "name": "gen_int5.ide",
        "path": "files/data/maps/interior/",
        "size": 4682,
        "date": 1692141904
    },
    {
        "name": "gen_int5.ipl",
        "path": "files/data/maps/interior/",
        "size": 2988,
        "date": 1692141904
    },
    {
        "name": "gen_intb.ide",
        "path": "files/data/maps/interior/",
        "size": 5459,
        "date": 1692141904
    },
    {
        "name": "gen_intb.ipl",
        "path": "files/data/maps/interior/",
        "size": 1626,
        "date": 1692141904
    },
    {
        "name": "int_LA.ide",
        "path": "files/data/maps/interior/",
        "size": 6004,
        "date": 1692141905
    },
    {
        "name": "int_LA.ipl",
        "path": "files/data/maps/interior/",
        "size": 1312,
        "date": 1692141905
    },
    {
        "name": "int_SF.ide",
        "path": "files/data/maps/interior/",
        "size": 1260,
        "date": 1692141905
    },
    {
        "name": "int_SF.ipl",
        "path": "files/data/maps/interior/",
        "size": 1334,
        "date": 1692141905
    },
    {
        "name": "int_cont.ide",
        "path": "files/data/maps/interior/",
        "size": 385,
        "date": 1692141904
    },
    {
        "name": "int_cont.ipl",
        "path": "files/data/maps/interior/",
        "size": 910,
        "date": 1692141905
    },
    {
        "name": "int_veg.ide",
        "path": "files/data/maps/interior/",
        "size": 4684,
        "date": 1692141906
    },
    {
        "name": "int_veg.ipl",
        "path": "files/data/maps/interior/",
        "size": 5299,
        "date": 1692141906
    },
    {
        "name": "propext.ide",
        "path": "files/data/maps/interior/",
        "size": 2340,
        "date": 1692141906
    },
    {
        "name": "props.ide",
        "path": "files/data/maps/interior/",
        "size": 26326,
        "date": 1692141906
    },
    {
        "name": "props2.ide",
        "path": "files/data/maps/interior/",
        "size": 21174,
        "date": 1692141906
    },
    {
        "name": "savehous.ide",
        "path": "files/data/maps/interior/",
        "size": 1724,
        "date": 1692141907
    },
    {
        "name": "savehous.ipl",
        "path": "files/data/maps/interior/",
        "size": 2959,
        "date": 1692141907
    },
    {
        "name": "stadint.ide",
        "path": "files/data/maps/interior/",
        "size": 2851,
        "date": 1692141907
    },
    {
        "name": "stadint.ipl",
        "path": "files/data/maps/interior/",
        "size": 6299,
        "date": 1692141907
    },
    {
        "name": "leveldes.ide",
        "path": "files/data/maps/leveldes/",
        "size": 360,
        "date": 1692141901
    },
    {
        "name": "leveldes.ipl",
        "path": "files/data/maps/leveldes/",
        "size": 165,
        "date": 1692141901
    },
    {
        "name": "levelmap.ide",
        "path": "files/data/maps/leveldes/",
        "size": 3194,
        "date": 1692141901
    },
    {
        "name": "levelmap.ipl",
        "path": "files/data/maps/leveldes/",
        "size": 4675,
        "date": 1692141901
    },
    {
        "name": "levelxre.ide",
        "path": "files/data/maps/leveldes/",
        "size": 9897,
        "date": 1692141901
    },
    {
        "name": "seabed.ide",
        "path": "files/data/maps/leveldes/",
        "size": 12039,
        "date": 1692141902
    },
    {
        "name": "seabed.ipl",
        "path": "files/data/maps/leveldes/",
        "size": 23342,
        "date": 1692141902
    },
    {
        "name": "map0.ipl",
        "path": "files/data/maps/",
        "size": 38541,
        "date": 1692141909
    },
    {
        "name": "map1.ipl",
        "path": "files/data/maps/",
        "size": 73829,
        "date": 1692141910
    },
    {
        "name": "map10.ipl",
        "path": "files/data/maps/",
        "size": 70479,
        "date": 1692141910
    },
    {
        "name": "map11.ipl",
        "path": "files/data/maps/",
        "size": 52206,
        "date": 1692141910
    },
    {
        "name": "map12.ipl",
        "path": "files/data/maps/",
        "size": 11,
        "date": 1692141930
    },
    {
        "name": "map13.ipl",
        "path": "files/data/maps/",
        "size": 11,
        "date": 1692141930
    },
    {
        "name": "map14.ipl",
        "path": "files/data/maps/",
        "size": 11,
        "date": 1692141930
    },
    {
        "name": "map15.ipl",
        "path": "files/data/maps/",
        "size": 11,
        "date": 1692141930
    },
    {
        "name": "map16.ipl",
        "path": "files/data/maps/",
        "size": 11,
        "date": 1692141931
    },
    {
        "name": "map17.ipl",
        "path": "files/data/maps/",
        "size": 11,
        "date": 1692141931
    },
    {
        "name": "map18.ipl",
        "path": "files/data/maps/",
        "size": 11,
        "date": 1692141931
    },
    {
        "name": "map19.ipl",
        "path": "files/data/maps/",
        "size": 11,
        "date": 1692141932
    },
    {
        "name": "map2.ipl",
        "path": "files/data/maps/",
        "size": 77084,
        "date": 1692141910
    },
    {
        "name": "map20.ipl",
        "path": "files/data/maps/",
        "size": 11,
        "date": 1692141932
    },
    {
        "name": "map3.ipl",
        "path": "files/data/maps/",
        "size": 73610,
        "date": 1692141911
    },
    {
        "name": "map4.ipl",
        "path": "files/data/maps/",
        "size": 56926,
        "date": 1692141911
    },
    {
        "name": "map5.ipl",
        "path": "files/data/maps/",
        "size": 38539,
        "date": 1692141911
    },
    {
        "name": "map6.ipl",
        "path": "files/data/maps/",
        "size": 52338,
        "date": 1692141911
    },
    {
        "name": "map7.ipl",
        "path": "files/data/maps/",
        "size": 66828,
        "date": 1692141911
    },
    {
        "name": "map8.ipl",
        "path": "files/data/maps/",
        "size": 48020,
        "date": 1692141912
    },
    {
        "name": "map9.ipl",
        "path": "files/data/maps/",
        "size": 84949,
        "date": 1692141912
    },
    {
        "name": "occlu.ipl",
        "path": "files/data/maps/",
        "size": 1012,
        "date": 1692141913
    },
    {
        "name": "occluArz.ipl",
        "path": "files/data/maps/",
        "size": 51965,
        "date": 1692141913
    },
    {
        "name": "occluLA.ipl",
        "path": "files/data/maps/",
        "size": 35956,
        "date": 1692141914
    },
    {
        "name": "occluint.ipl",
        "path": "files/data/maps/",
        "size": 2338,
        "date": 1692141913
    },
    {
        "name": "occlusf.ipl",
        "path": "files/data/maps/",
        "size": 16114,
        "date": 1692141914
    },
    {
        "name": "occluveg.ipl",
        "path": "files/data/maps/",
        "size": 17944,
        "date": 1692141914
    },
    {
        "name": "paths.img",
        "path": "files/data/maps/",
        "size": 135168,
        "date": 1692141914
    },
    {
        "name": "paths.ipl",
        "path": "files/data/maps/",
        "size": 2658607,
        "date": 1692141915
    },
    {
        "name": "paths2.ipl",
        "path": "files/data/maps/",
        "size": 2292241,
        "date": 1692141915
    },
    {
        "name": "paths3.ipl",
        "path": "files/data/maps/",
        "size": 2428066,
        "date": 1692141916
    },
    {
        "name": "paths4.ipl",
        "path": "files/data/maps/",
        "size": 253014,
        "date": 1692141916
    },
    {
        "name": "paths5.ipl",
        "path": "files/data/maps/",
        "size": 457678,
        "date": 1692141917
    },
    {
        "name": "rip1.1.ide",
        "path": "files/data/maps/",
        "size": 29609,
        "date": 1692141917
    },
    {
        "name": "rip1.1.ipl",
        "path": "files/data/maps/",
        "size": 63400,
        "date": 1692141917
    },
    {
        "name": "rip1.2.ide",
        "path": "files/data/maps/",
        "size": 71210,
        "date": 1692141917
    },
    {
        "name": "rip1.2.ipl",
        "path": "files/data/maps/",
        "size": 290906,
        "date": 1692141917
    },
    {
        "name": "rip1.3.ide",
        "path": "files/data/maps/",
        "size": 64642,
        "date": 1692141918
    },
    {
        "name": "rip1.3.ipl",
        "path": "files/data/maps/",
        "size": 360949,
        "date": 1692141918
    },
    {
        "name": "rip1.ide",
        "path": "files/data/maps/",
        "size": 38729,
        "date": 1692141918
    },
    {
        "name": "rip1.ipl",
        "path": "files/data/maps/",
        "size": 84242,
        "date": 1692141918
    },
    {
        "name": "rip10.ide",
        "path": "files/data/maps/",
        "size": 36925,
        "date": 1692141919
    },
    {
        "name": "rip10.ipl",
        "path": "files/data/maps/",
        "size": 88597,
        "date": 1692141919
    },
    {
        "name": "rip11.ide",
        "path": "files/data/maps/",
        "size": 2929,
        "date": 1692141919
    },
    {
        "name": "rip11.ipl",
        "path": "files/data/maps/",
        "size": 61597,
        "date": 1692141919
    },
    {
        "name": "rip12.ide",
        "path": "files/data/maps/",
        "size": 14375,
        "date": 1692141920
    },
    {
        "name": "rip12.ipl",
        "path": "files/data/maps/",
        "size": 71818,
        "date": 1692141920
    },
    {
        "name": "rip13.ide",
        "path": "files/data/maps/",
        "size": 884,
        "date": 1692141920
    },
    {
        "name": "rip13.ipl",
        "path": "files/data/maps/",
        "size": 195548,
        "date": 1692141920
    },
    {
        "name": "rip13_2.ipl",
        "path": "files/data/maps/",
        "size": 84185,
        "date": 1692141921
    },
    {
        "name": "rip14.ipl",
        "path": "files/data/maps/",
        "size": 10117,
        "date": 1692141921
    },
    {
        "name": "rip15.ipl",
        "path": "files/data/maps/",
        "size": 100594,
        "date": 1692141921
    },
    {
        "name": "rip15_1.ipl",
        "path": "files/data/maps/",
        "size": 78594,
        "date": 1692141921
    },
    {
        "name": "rip15_2.ipl",
        "path": "files/data/maps/",
        "size": 79134,
        "date": 1692141921
    },
    {
        "name": "rip15_3.ipl",
        "path": "files/data/maps/",
        "size": 77630,
        "date": 1692141922
    },
    {
        "name": "rip15_4.ipl",
        "path": "files/data/maps/",
        "size": 79010,
        "date": 1692141922
    },
    {
        "name": "rip15_5.ipl",
        "path": "files/data/maps/",
        "size": 78192,
        "date": 1692141922
    },
    {
        "name": "rip15_6.ipl",
        "path": "files/data/maps/",
        "size": 78534,
        "date": 1692141922
    },
    {
        "name": "rip2.ide",
        "path": "files/data/maps/",
        "size": 42408,
        "date": 1692141923
    },
    {
        "name": "rip2.ipl",
        "path": "files/data/maps/",
        "size": 260255,
        "date": 1692141923
    },
    {
        "name": "rip3.ide",
        "path": "files/data/maps/",
        "size": 12640,
        "date": 1692141923
    },
    {
        "name": "rip3.ipl",
        "path": "files/data/maps/",
        "size": 37836,
        "date": 1692141924
    },
    {
        "name": "rip4.ide",
        "path": "files/data/maps/",
        "size": 5544,
        "date": 1692141924
    },
    {
        "name": "rip4.ipl",
        "path": "files/data/maps/",
        "size": 11775,
        "date": 1692141924
    },
    {
        "name": "rip5.ide",
        "path": "files/data/maps/",
        "size": 4164,
        "date": 1692141924
    },
    {
        "name": "rip5.ipl",
        "path": "files/data/maps/",
        "size": 9082,
        "date": 1692141924
    },
    {
        "name": "rip6.ide",
        "path": "files/data/maps/",
        "size": 24426,
        "date": 1692141925
    },
    {
        "name": "rip6.ipl",
        "path": "files/data/maps/",
        "size": 289142,
        "date": 1692141925
    },
    {
        "name": "rip7.ide",
        "path": "files/data/maps/",
        "size": 19816,
        "date": 1692141925
    },
    {
        "name": "rip7.ipl",
        "path": "files/data/maps/",
        "size": 125345,
        "date": 1692141925
    },
    {
        "name": "rip8.ide",
        "path": "files/data/maps/",
        "size": 15460,
        "date": 1692141926
    },
    {
        "name": "rip8.ipl",
        "path": "files/data/maps/",
        "size": 1957,
        "date": 1692141926
    },
    {
        "name": "rip9.ide",
        "path": "files/data/maps/",
        "size": 13737,
        "date": 1692141926
    },
    {
        "name": "rip9.ipl",
        "path": "files/data/maps/",
        "size": 29779,
        "date": 1692141926
    },
    {
        "name": "skybox.ide",
        "path": "files/data/maps/",
        "size": 307,
        "date": 1692141926
    },
    {
        "name": "trees_map.ide",
        "path": "files/data/maps/",
        "size": 3781,
        "date": 1692141927
    },
    {
        "name": "trees_map.ipl",
        "path": "files/data/maps/",
        "size": 354184,
        "date": 1692141928
    },
    {
        "name": "trees_map2.ipl",
        "path": "files/data/maps/",
        "size": 132281,
        "date": 1692141928
    },
    {
        "name": "tunnels.ipl",
        "path": "files/data/maps/",
        "size": 3230,
        "date": 1692141929
    },
    {
        "name": "veh_mods.ide",
        "path": "files/data/maps/veh_mods/",
        "size": 29868,
        "date": 1692141900
    },
    {
        "name": "melee.dat",
        "path": "files/data/",
        "size": 6306,
        "date": 1692141941
    },
    {
        "name": "object.dat",
        "path": "files/data/",
        "size": 137262,
        "date": 1692141941
    },
    {
        "name": "ROADBLOX.DAT",
        "path": "files/data/paths/",
        "size": 1304,
        "date": 1692141899
    },
    {
        "name": "carrec.img",
        "path": "files/data/paths/",
        "size": 2357248,
        "date": 1692141899
    },
    {
        "name": "tracks.dat",
        "path": "files/data/paths/",
        "size": 25474,
        "date": 1692141900
    },
    {
        "name": "tracks2.dat",
        "path": "files/data/paths/",
        "size": 1892,
        "date": 1692141900
    },
    {
        "name": "tracks3.dat",
        "path": "files/data/paths/",
        "size": 8328,
        "date": 1692141900
    },
    {
        "name": "tracks4.dat",
        "path": "files/data/paths/",
        "size": 18347,
        "date": 1692141900
    },
    {
        "name": "ped.dat",
        "path": "files/data/",
        "size": 1276,
        "date": 1692141941
    },
    {
        "name": "pedgrp.dat",
        "path": "files/data/",
        "size": 5792,
        "date": 1692141941
    },
    {
        "name": "peds.ide",
        "path": "files/data/",
        "size": 52821,
        "date": 1692141942
    },
    {
        "name": "pedstats.dat",
        "path": "files/data/",
        "size": 3604,
        "date": 1692141942
    },
    {
        "name": "plants.dat",
        "path": "files/data/",
        "size": 9887,
        "date": 1692141942
    },
    {
        "name": "popcycle.dat",
        "path": "files/data/",
        "size": 127108,
        "date": 1692141942
    },
    {
        "name": "procobj.dat",
        "path": "files/data/",
        "size": 10019,
        "date": 1692141942
    },
    {
        "name": "mainv1.scm",
        "path": "files/data/script/",
        "size": 18353,
        "date": 1692141897
    },
    {
        "name": "scriptv1.img",
        "path": "files/data/script/",
        "size": 561152,
        "date": 1692141899
    },
    {
        "name": "shopping.dat",
        "path": "files/data/",
        "size": 46875,
        "date": 1692141943
    },
    {
        "name": "statdisp.dat",
        "path": "files/data/",
        "size": 7292,
        "date": 1692141943
    },
    {
        "name": "surface.dat",
        "path": "files/data/",
        "size": 576,
        "date": 1692141943
    },
    {
        "name": "surfaud.dat",
        "path": "files/data/",
        "size": 6530,
        "date": 1692141944
    },
    {
        "name": "surfinfo.dat",
        "path": "files/data/",
        "size": 28106,
        "date": 1692141944
    },
    {
        "name": "timecyc.dat",
        "path": "files/data/",
        "size": 40037,
        "date": 1692141944
    },
    {
        "name": "txdcut.ide",
        "path": "files/data/",
        "size": 478,
        "date": 1692141945
    },
    {
        "name": "veh_mods.ide",
        "path": "files/data/",
        "size": 9129,
        "date": 1692141946
    },
    {
        "name": "vehicles.ide",
        "path": "files/data/",
        "size": 24844,
        "date": 1692141945
    },
    {
        "name": "water.dat",
        "path": "files/data/",
        "size": 73065,
        "date": 1692141946
    },
    {
        "name": "water1.dat",
        "path": "files/data/",
        "size": 60063,
        "date": 1692141946
    },
    {
        "name": "water2.dat",
        "path": "files/data/",
        "size": 224,
        "date": 1692141946
    },
    {
        "name": "weapon.dat",
        "path": "files/data/",
        "size": 11585,
        "date": 1692141947
    },
    {
        "name": "gta_sa.set",
        "path": "files/",
        "size": 159,
        "date": 1693610509
    },
    {
        "name": "gtasatelem.set",
        "path": "files/",
        "size": 392,
        "date": 1693610733
    },
    {
        "name": "imgs.cfg",
        "path": "files/loader/",
        "size": 61,
        "date": 1731399894
    },
    {
        "name": "BRAks.img",
        "path": "files/loader/newimg/",
        "size": 18055168,
        "date": 1692142164
    },
    {
        "name": "BRWinter.img",
        "path": "files/loader/newimg/",
        "size": 120086528,
        "date": 1692142123
    },
    {
        "name": "HLN.img",
        "path": "files/loader/newimg/",
        "size": 19544064,
        "date": 1692142098
    },
    {
        "name": "gta4.img",
        "path": "files/loader/newimg/",
        "size": 393265152,
        "date": 1692142069
    },
    {
        "name": "loader_cars.img",
        "path": "files/loader/newimg/",
        "size": 222697472,
        "date": 1693610249
    },
    {
        "name": "loader_skins.img",
        "path": "files/loader/newimg/",
        "size": 149217280,
        "date": 1692141897
    },
    {
        "name": "temp.img",
        "path": "files/loader/newimg/",
        "size": 135811072,
        "date": 1692142024
    },
    {
        "name": "temp2.img",
        "path": "files/loader/newimg/",
        "size": 40652800,
        "date": 1692142087
    },
    {
        "name": "texdbs.cfg",
        "path": "files/loader/",
        "size": 227,
        "date": 1731399896
    },
    {
        "name": "peds.col",
        "path": "files/models/coll/",
        "size": 21477,
        "date": 1692141857
    },
    {
        "name": "vehicles.col",
        "path": "files/models/coll/",
        "size": 1096,
        "date": 1692141857
    },
    {
        "name": "weapons.col",
        "path": "files/models/coll/",
        "size": 560,
        "date": 1692141857
    },
    {
        "name": "effects.fxp",
        "path": "files/models/",
        "size": 646499,
        "date": 1692141858
    },
    {
        "name": "stream.ini",
        "path": "files/",
        "size": 199,
        "date": 1692141988
    },
    {
        "name": "BRAks.dxt.dat",
        "path": "files/texdb/BRAks/",
        "size": 14098420,
        "date": 1692142166
    },
    {
        "name": "BRAks.dxt.tmb",
        "path": "files/texdb/BRAks/",
        "size": 110160,
        "date": 1692142167
    },
    {
        "name": "BRAks.dxt.toc",
        "path": "files/texdb/BRAks/",
        "size": 1624,
        "date": 1692142167
    },
    {
        "name": "BRAks.etc.dat",
        "path": "files/texdb/BRAks/",
        "size": 14098420,
        "date": 1692142166
    },
    {
        "name": "BRAks.etc.tmb",
        "path": "files/texdb/BRAks/",
        "size": 110160,
        "date": 1692142167
    },
    {
        "name": "BRAks.etc.toc",
        "path": "files/texdb/BRAks/",
        "size": 1624,
        "date": 1692142167
    },
    {
        "name": "BRAks.pvr.dat",
        "path": "files/texdb/BRAks/",
        "size": 14098420,
        "date": 1692142166
    },
    {
        "name": "BRAks.pvr.tmb",
        "path": "files/texdb/BRAks/",
        "size": 110160,
        "date": 1692142167
    },
    {
        "name": "BRAks.pvr.toc",
        "path": "files/texdb/BRAks/",
        "size": 1624,
        "date": 1692142167
    },
    {
        "name": "BRAks.txt",
        "path": "files/texdb/BRAks/",
        "size": 20906,
        "date": 1692142167
    },
    {
        "name": "GTA6.dxt.dat",
        "path": "files/texdb/GTA6/",
        "size": 83949080,
        "date": 1692142080
    },
    {
        "name": "GTA6.dxt.tmb",
        "path": "files/texdb/GTA6/",
        "size": 384880,
        "date": 1692142081
    },
    {
        "name": "GTA6.dxt.toc",
        "path": "files/texdb/GTA6/",
        "size": 5680,
        "date": 1692142081
    },
    {
        "name": "GTA6.etc.dat",
        "path": "files/texdb/GTA6/",
        "size": 83949080,
        "date": 1692142080
    },
    {
        "name": "GTA6.etc.tmb",
        "path": "files/texdb/GTA6/",
        "size": 384880,
        "date": 1692142081
    },
    {
        "name": "GTA6.etc.toc",
        "path": "files/texdb/GTA6/",
        "size": 5680,
        "date": 1692142081
    },
    {
        "name": "GTA6.pvr.dat",
        "path": "files/texdb/GTA6/",
        "size": 83949080,
        "date": 1692142080
    },
    {
        "name": "GTA6.pvr.tmb",
        "path": "files/texdb/GTA6/",
        "size": 384880,
        "date": 1692142081
    },
    {
        "name": "GTA6.pvr.toc",
        "path": "files/texdb/GTA6/",
        "size": 5680,
        "date": 1692142081
    },
    {
        "name": "GTA6.txt",
        "path": "files/texdb/GTA6/",
        "size": 81591,
        "date": 1692142069
    },
    {
        "name": "Patent.dxt.dat",
        "path": "files/texdb/Patent/",
        "size": 3430178,
        "date": 1692142082
    },
    {
        "name": "Patent.dxt.tmb",
        "path": "files/texdb/Patent/",
        "size": 25840,
        "date": 1692142082
    },
    {
        "name": "Patent.dxt.toc",
        "path": "files/texdb/Patent/",
        "size": 384,
        "date": 1692142082
    },
    {
        "name": "Patent.etc.dat",
        "path": "files/texdb/Patent/",
        "size": 3430178,
        "date": 1692142082
    },
    {
        "name": "Patent.etc.tmb",
        "path": "files/texdb/Patent/",
        "size": 25840,
        "date": 1692142082
    },
    {
        "name": "Patent.etc.toc",
        "path": "files/texdb/Patent/",
        "size": 384,
        "date": 1692142082
    },
    {
        "name": "Patent.pvr.dat",
        "path": "files/texdb/Patent/",
        "size": 3430178,
        "date": 1692142082
    },
    {
        "name": "Patent.pvr.tmb",
        "path": "files/texdb/Patent/",
        "size": 25840,
        "date": 1692142082
    },
    {
        "name": "Patent.pvr.toc",
        "path": "files/texdb/Patent/",
        "size": 384,
        "date": 1692142082
    },
    {
        "name": "Patent.txt",
        "path": "files/texdb/Patent/",
        "size": 5262,
        "date": 1692142081
    },
    {
        "name": "SAMP.ipl",
        "path": "files/texdb/",
        "size": 2291,
        "date": 1692141847
    },
    {
        "name": "SAMPCOL.img",
        "path": "files/texdb/",
        "size": 44339200,
        "date": 1692141852
    },
    {
        "name": "fixes.dxt.dat",
        "path": "files/texdb/fixes/",
        "size": 94291356,
        "date": 1692141842
    },
    {
        "name": "fixes.dxt.tmb",
        "path": "files/texdb/fixes/",
        "size": 167552,
        "date": 1692141843
    },
    {
        "name": "fixes.dxt.toc",
        "path": "files/texdb/fixes/",
        "size": 2480,
        "date": 1692141843
    },
    {
        "name": "fixes.etc.dat",
        "path": "files/texdb/fixes/",
        "size": 94291356,
        "date": 1692141842
    },
    {
        "name": "fixes.etc.tmb",
        "path": "files/texdb/fixes/",
        "size": 167552,
        "date": 1692141843
    },
    {
        "name": "fixes.etc.toc",
        "path": "files/texdb/fixes/",
        "size": 2480,
        "date": 1692141843
    },
    {
        "name": "fixes.pvr.dat",
        "path": "files/texdb/fixes/",
        "size": 94291356,
        "date": 1692141842
    },
    {
        "name": "fixes.pvr.tmb",
        "path": "files/texdb/fixes/",
        "size": 167552,
        "date": 1692141843
    },
    {
        "name": "fixes.pvr.toc",
        "path": "files/texdb/fixes/",
        "size": 2480,
        "date": 1692141843
    },
    {
        "name": "fixes.txt",
        "path": "files/texdb/fixes/",
        "size": 31836,
        "date": 1692141843
    },
    {
        "name": "gui.dxt.dat",
        "path": "files/texdb/gui/",
        "size": 137239306,
        "date": 1692141832
    },
    {
        "name": "gui.dxt.tmb",
        "path": "files/texdb/gui/",
        "size": 81632,
        "date": 1692141832
    },
    {
        "name": "gui.dxt.toc",
        "path": "files/texdb/gui/",
        "size": 3244,
        "date": 1692141833
    },
    {
        "name": "gui.etc.dat",
        "path": "files/texdb/gui/",
        "size": 137239306,
        "date": 1692141832
    },
    {
        "name": "gui.etc.tmb",
        "path": "files/texdb/gui/",
        "size": 81632,
        "date": 1692141832
    },
    {
        "name": "gui.etc.toc",
        "path": "files/texdb/gui/",
        "size": 3244,
        "date": 1692141833
    },
    {
        "name": "gui.pvr.dat",
        "path": "files/texdb/gui/",
        "size": 137239306,
        "date": 1692141832
    },
    {
        "name": "gui.pvr.tmb",
        "path": "files/texdb/gui/",
        "size": 81632,
        "date": 1692141832
    },
    {
        "name": "gui.pvr.toc",
        "path": "files/texdb/gui/",
        "size": 3244,
        "date": 1692141833
    },
    {
        "name": "gui.txt",
        "path": "files/texdb/gui/",
        "size": 57173,
        "date": 1692141833
    },
    {
        "name": "king.dxt.dat",
        "path": "files/texdb/king/",
        "size": 11469094,
        "date": 1733572134
    },
    {
        "name": "king.dxt.tmb",
        "path": "files/texdb/king/",
        "size": 1216,
        "date": 1733572134
    },
    {
        "name": "king.dxt.toc",
        "path": "files/texdb/king/",
        "size": 36,
        "date": 1733572134
    },
    {
        "name": "king.etc.dat",
        "path": "files/texdb/king/",
        "size": 11469094,
        "date": 1733572134
    },
    {
        "name": "king.etc.tmb",
        "path": "files/texdb/king/",
        "size": 1216,
        "date": 1733572134
    },
    {
        "name": "king.etc.toc",
        "path": "files/texdb/king/",
        "size": 36,
        "date": 1733572134
    },
    {
        "name": "king.pvr.dat",
        "path": "files/texdb/king/",
        "size": 11469094,
        "date": 1733572134
    },
    {
        "name": "king.pvr.tmb",
        "path": "files/texdb/king/",
        "size": 1216,
        "date": 1733572134
    },
    {
        "name": "king.pvr.toc",
        "path": "files/texdb/king/",
        "size": 36,
        "date": 1733572134
    },
    {
        "name": "king.txt",
        "path": "files/texdb/king/",
        "size": 542,
        "date": 1733572134
    },
    {
        "name": "loader_9may.dxt.dat",
        "path": "files/texdb/loader_9may/",
        "size": 78778106,
        "date": 1692141817
    },
    {
        "name": "loader_9may.dxt.tmb",
        "path": "files/texdb/loader_9may/",
        "size": 110704,
        "date": 1692141817
    },
    {
        "name": "loader_9may.dxt.toc",
        "path": "files/texdb/loader_9may/",
        "size": 1648,
        "date": 1692141818
    },
    {
        "name": "loader_9may.etc.dat",
        "path": "files/texdb/loader_9may/",
        "size": 78778106,
        "date": 1692141817
    },
    {
        "name": "loader_9may.etc.tmb",
        "path": "files/texdb/loader_9may/",
        "size": 110704,
        "date": 1692141817
    },
    {
        "name": "loader_9may.etc.toc",
        "path": "files/texdb/loader_9may/",
        "size": 1648,
        "date": 1692141818
    },
    {
        "name": "loader_9may.pvr.dat",
        "path": "files/texdb/loader_9may/",
        "size": 78778106,
        "date": 1692141817
    },
    {
        "name": "loader_9may.pvr.tmb",
        "path": "files/texdb/loader_9may/",
        "size": 110704,
        "date": 1692141817
    },
    {
        "name": "loader_9may.pvr.toc",
        "path": "files/texdb/loader_9may/",
        "size": 1648,
        "date": 1692141818
    },
    {
        "name": "loader_9may.txt",
        "path": "files/texdb/loader_9may/",
        "size": 20838,
        "date": 1692141818
    },
    {
        "name": "loader_9mayskins.dxt.dat",
        "path": "files/texdb/loader_9mayskins/",
        "size": 2134448,
        "date": 1692141807
    },
    {
        "name": "loader_9mayskins.dxt.tmb",
        "path": "files/texdb/loader_9mayskins/",
        "size": 1360,
        "date": 1692141807
    },
    {
        "name": "loader_9mayskins.dxt.toc",
        "path": "files/texdb/loader_9mayskins/",
        "size": 112,
        "date": 1692141808
    },
    {
        "name": "loader_9mayskins.etc.dat",
        "path": "files/texdb/loader_9mayskins/",
        "size": 2134448,
        "date": 1692141807
    },
    {
        "name": "loader_9mayskins.etc.tmb",
        "path": "files/texdb/loader_9mayskins/",
        "size": 1360,
        "date": 1692141807
    },
    {
        "name": "loader_9mayskins.etc.toc",
        "path": "files/texdb/loader_9mayskins/",
        "size": 112,
        "date": 1692141808
    },
    {
        "name": "loader_9mayskins.pvr.dat",
        "path": "files/texdb/loader_9mayskins/",
        "size": 2134448,
        "date": 1692141807
    },
    {
        "name": "loader_9mayskins.pvr.tmb",
        "path": "files/texdb/loader_9mayskins/",
        "size": 1360,
        "date": 1692141807
    },
    {
        "name": "loader_9mayskins.pvr.toc",
        "path": "files/texdb/loader_9mayskins/",
        "size": 112,
        "date": 1692141808
    },
    {
        "name": "loader_9mayskins.txt",
        "path": "files/texdb/loader_9mayskins/",
        "size": 1591,
        "date": 1692141808
    },
    {
        "name": "loader_JuneTest.dxt.dat",
        "path": "files/texdb/loader_JuneTest/",
        "size": 156085962,
        "date": 1692141749
    },
    {
        "name": "loader_JuneTest.dxt.tmb",
        "path": "files/texdb/loader_JuneTest/",
        "size": 628048,
        "date": 1692141750
    },
    {
        "name": "loader_JuneTest.dxt.toc",
        "path": "files/texdb/loader_JuneTest/",
        "size": 9288,
        "date": 1692141750
    },
    {
        "name": "loader_JuneTest.etc.dat",
        "path": "files/texdb/loader_JuneTest/",
        "size": 156085962,
        "date": 1692141749
    },
    {
        "name": "loader_JuneTest.etc.tmb",
        "path": "files/texdb/loader_JuneTest/",
        "size": 628048,
        "date": 1692141750
    },
    {
        "name": "loader_JuneTest.etc.toc",
        "path": "files/texdb/loader_JuneTest/",
        "size": 9288,
        "date": 1692141750
    },
    {
        "name": "loader_JuneTest.pvr.dat",
        "path": "files/texdb/loader_JuneTest/",
        "size": 156085962,
        "date": 1692141749
    },
    {
        "name": "loader_JuneTest.pvr.tmb",
        "path": "files/texdb/loader_JuneTest/",
        "size": 628048,
        "date": 1692141750
    },
    {
        "name": "loader_JuneTest.pvr.toc",
        "path": "files/texdb/loader_JuneTest/",
        "size": 9288,
        "date": 1692141750
    },
    {
        "name": "loader_JuneTest.txt",
        "path": "files/texdb/loader_JuneTest/",
        "size": 118900,
        "date": 1692141732
    },
    {
        "name": "loader_LOD.dxt.dat",
        "path": "files/texdb/loader_LOD/",
        "size": 48244918,
        "date": 1692141731
    },
    {
        "name": "loader_LOD.dxt.tmb",
        "path": "files/texdb/loader_LOD/",
        "size": 187136,
        "date": 1692141732
    },
    {
        "name": "loader_LOD.dxt.toc",
        "path": "files/texdb/loader_LOD/",
        "size": 2760,
        "date": 1692141732
    },
    {
        "name": "loader_LOD.etc.dat",
        "path": "files/texdb/loader_LOD/",
        "size": 48244918,
        "date": 1692141731
    },
    {
        "name": "loader_LOD.etc.tmb",
        "path": "files/texdb/loader_LOD/",
        "size": 187136,
        "date": 1692141732
    },
    {
        "name": "loader_LOD.etc.toc",
        "path": "files/texdb/loader_LOD/",
        "size": 2760,
        "date": 1692141732
    },
    {
        "name": "loader_LOD.pvr.dat",
        "path": "files/texdb/loader_LOD/",
        "size": 48244918,
        "date": 1692141731
    },
    {
        "name": "loader_LOD.pvr.tmb",
        "path": "files/texdb/loader_LOD/",
        "size": 187136,
        "date": 1692141732
    },
    {
        "name": "loader_LOD.pvr.toc",
        "path": "files/texdb/loader_LOD/",
        "size": 2760,
        "date": 1692141732
    },
    {
        "name": "loader_LOD.txt",
        "path": "files/texdb/loader_LOD/",
        "size": 36015,
        "date": 1692141726
    },
    {
        "name": "loader_March_22.dxt.dat",
        "path": "files/texdb/loader_March_22/",
        "size": 37772424,
        "date": 1692141718
    },
    {
        "name": "loader_March_22.dxt.tmb",
        "path": "files/texdb/loader_March_22/",
        "size": 181968,
        "date": 1692141718
    },
    {
        "name": "loader_March_22.dxt.toc",
        "path": "files/texdb/loader_March_22/",
        "size": 2692,
        "date": 1692141718
    },
    {
        "name": "loader_March_22.etc.dat",
        "path": "files/texdb/loader_March_22/",
        "size": 37772424,
        "date": 1692141718
    },
    {
        "name": "loader_March_22.etc.tmb",
        "path": "files/texdb/loader_March_22/",
        "size": 181968,
        "date": 1692141718
    },
    {
        "name": "loader_March_22.etc.toc",
        "path": "files/texdb/loader_March_22/",
        "size": 2692,
        "date": 1692141718
    },
    {
        "name": "loader_March_22.pvr.dat",
        "path": "files/texdb/loader_March_22/",
        "size": 37772424,
        "date": 1692141718
    },
    {
        "name": "loader_March_22.pvr.tmb",
        "path": "files/texdb/loader_March_22/",
        "size": 181968,
        "date": 1692141718
    },
    {
        "name": "loader_March_22.pvr.toc",
        "path": "files/texdb/loader_March_22/",
        "size": 2692,
        "date": 1692141718
    },
    {
        "name": "loader_March_22.txt",
        "path": "files/texdb/loader_March_22/",
        "size": 34778,
        "date": 1692141713
    },
    {
        "name": "loader_November.dxt.dat",
        "path": "files/texdb/loader_November/",
        "size": 51201488,
        "date": 1692141713
    },
    {
        "name": "loader_November.dxt.tmb",
        "path": "files/texdb/loader_November/",
        "size": 155312,
        "date": 1692141713
    },
    {
        "name": "loader_November.dxt.toc",
        "path": "files/texdb/loader_November/",
        "size": 2304,
        "date": 1692141713
    },
    {
        "name": "loader_November.etc.dat",
        "path": "files/texdb/loader_November/",
        "size": 51201488,
        "date": 1692141713
    },
    {
        "name": "loader_November.etc.tmb",
        "path": "files/texdb/loader_November/",
        "size": 155312,
        "date": 1692141713
    },
    {
        "name": "loader_November.etc.toc",
        "path": "files/texdb/loader_November/",
        "size": 2304,
        "date": 1692141713
    },
    {
        "name": "loader_November.pvr.dat",
        "path": "files/texdb/loader_November/",
        "size": 51201488,
        "date": 1692141713
    },
    {
        "name": "loader_November.pvr.tmb",
        "path": "files/texdb/loader_November/",
        "size": 155312,
        "date": 1692141713
    },
    {
        "name": "loader_November.pvr.toc",
        "path": "files/texdb/loader_November/",
        "size": 2304,
        "date": 1692141713
    },
    {
        "name": "loader_November.txt",
        "path": "files/texdb/loader_November/",
        "size": 30782,
        "date": 1692141706
    },
    {
        "name": "loader_Winter2022.dxt.dat",
        "path": "files/texdb/loader_Winter2022/",
        "size": 73824594,
        "date": 1692142133
    },
    {
        "name": "loader_Winter2022.dxt.tmb",
        "path": "files/texdb/loader_Winter2022/",
        "size": 724064,
        "date": 1692142134
    },
    {
        "name": "loader_Winter2022.dxt.toc",
        "path": "files/texdb/loader_Winter2022/",
        "size": 12584,
        "date": 1692142134
    },
    {
        "name": "loader_Winter2022.etc.dat",
        "path": "files/texdb/loader_Winter2022/",
        "size": 73824594,
        "date": 1692142133
    },
    {
        "name": "loader_Winter2022.etc.tmb",
        "path": "files/texdb/loader_Winter2022/",
        "size": 724064,
        "date": 1692142134
    },
    {
        "name": "loader_Winter2022.etc.toc",
        "path": "files/texdb/loader_Winter2022/",
        "size": 12584,
        "date": 1692142134
    },
    {
        "name": "loader_Winter2022.pvr.dat",
        "path": "files/texdb/loader_Winter2022/",
        "size": 73824594,
        "date": 1692142133
    },
    {
        "name": "loader_Winter2022.pvr.tmb",
        "path": "files/texdb/loader_Winter2022/",
        "size": 724064,
        "date": 1692142134
    },
    {
        "name": "loader_Winter2022.pvr.toc",
        "path": "files/texdb/loader_Winter2022/",
        "size": 12584,
        "date": 1692142134
    },
    {
        "name": "loader_Winter2022.txt",
        "path": "files/texdb/loader_Winter2022/",
        "size": 162249,
        "date": 1692142134
    },
    {
        "name": "loader_car.dxt.dat",
        "path": "files/texdb/loader_car/",
        "size": 18323628,
        "date": 1692141806
    },
    {
        "name": "loader_car.dxt.tmb",
        "path": "files/texdb/loader_car/",
        "size": 149776,
        "date": 1692141806
    },
    {
        "name": "loader_car.dxt.toc",
        "path": "files/texdb/loader_car/",
        "size": 2532,
        "date": 1692141806
    },
    {
        "name": "loader_car.etc.dat",
        "path": "files/texdb/loader_car/",
        "size": 18323628,
        "date": 1692141806
    },
    {
        "name": "loader_car.etc.tmb",
        "path": "files/texdb/loader_car/",
        "size": 149776,
        "date": 1692141806
    },
    {
        "name": "loader_car.etc.toc",
        "path": "files/texdb/loader_car/",
        "size": 2532,
        "date": 1692141806
    },
    {
        "name": "loader_car.pvr.dat",
        "path": "files/texdb/loader_car/",
        "size": 18323628,
        "date": 1692141806
    },
    {
        "name": "loader_car.pvr.tmb",
        "path": "files/texdb/loader_car/",
        "size": 149776,
        "date": 1692141806
    },
    {
        "name": "loader_car.pvr.toc",
        "path": "files/texdb/loader_car/",
        "size": 2532,
        "date": 1692141806
    },
    {
        "name": "loader_car.txt",
        "path": "files/texdb/loader_car/",
        "size": 35194,
        "date": 1692141807
    },
    {
        "name": "loader_interiors.dxt.dat",
        "path": "files/texdb/loader_interiors/",
        "size": 511162990,
        "date": 1692141803
    },
    {
        "name": "loader_interiors.dxt.tmb",
        "path": "files/texdb/loader_interiors/",
        "size": 292944,
        "date": 1692141803
    },
    {
        "name": "loader_interiors.dxt.toc",
        "path": "files/texdb/loader_interiors/",
        "size": 4324,
        "date": 1692141803
    },
    {
        "name": "loader_interiors.etc.dat",
        "path": "files/texdb/loader_interiors/",
        "size": 511162990,
        "date": 1692141803
    },
    {
        "name": "loader_interiors.etc.tmb",
        "path": "files/texdb/loader_interiors/",
        "size": 292944,
        "date": 1692141803
    },
    {
        "name": "loader_interiors.etc.toc",
        "path": "files/texdb/loader_interiors/",
        "size": 4324,
        "date": 1692141803
    },
    {
        "name": "loader_interiors.pvr.dat",
        "path": "files/texdb/loader_interiors/",
        "size": 511162990,
        "date": 1692141803
    },
    {
        "name": "loader_interiors.pvr.tmb",
        "path": "files/texdb/loader_interiors/",
        "size": 292944,
        "date": 1692141803
    },
    {
        "name": "loader_interiors.pvr.toc",
        "path": "files/texdb/loader_interiors/",
        "size": 4324,
        "date": 1692141803
    },
    {
        "name": "loader_interiors.txt",
        "path": "files/texdb/loader_interiors/",
        "size": 61752,
        "date": 1692141803
    },
    {
        "name": "loader_map.dxt.dat",
        "path": "files/texdb/loader_map/",
        "size": 64709426,
        "date": 1692141725
    },
    {
        "name": "loader_map.dxt.tmb",
        "path": "files/texdb/loader_map/",
        "size": 200736,
        "date": 1692141726
    },
    {
        "name": "loader_map.dxt.toc",
        "path": "files/texdb/loader_map/",
        "size": 2992,
        "date": 1692141726
    },
    {
        "name": "loader_map.etc.dat",
        "path": "files/texdb/loader_map/",
        "size": 64709426,
        "date": 1692141725
    },
    {
        "name": "loader_map.etc.tmb",
        "path": "files/texdb/loader_map/",
        "size": 200736,
        "date": 1692141726
    },
    {
        "name": "loader_map.etc.toc",
        "path": "files/texdb/loader_map/",
        "size": 2992,
        "date": 1692141726
    },
    {
        "name": "loader_map.pvr.dat",
        "path": "files/texdb/loader_map/",
        "size": 64709426,
        "date": 1692141725
    },
    {
        "name": "loader_map.pvr.tmb",
        "path": "files/texdb/loader_map/",
        "size": 200736,
        "date": 1692141726
    },
    {
        "name": "loader_map.pvr.toc",
        "path": "files/texdb/loader_map/",
        "size": 2992,
        "date": 1692141726
    },
    {
        "name": "loader_map.txt",
        "path": "files/texdb/loader_map/",
        "size": 38792,
        "date": 1692141726
    },
    {
        "name": "loader_skin.dxt.dat",
        "path": "files/texdb/loader_skin/",
        "size": 118316818,
        "date": 1692141705
    },
    {
        "name": "loader_skin.dxt.tmb",
        "path": "files/texdb/loader_skin/",
        "size": 375792,
        "date": 1692141706
    },
    {
        "name": "loader_skin.dxt.toc",
        "path": "files/texdb/loader_skin/",
        "size": 10024,
        "date": 1692141706
    },
    {
        "name": "loader_skin.etc.dat",
        "path": "files/texdb/loader_skin/",
        "size": 118316818,
        "date": 1692141705
    },
    {
        "name": "loader_skin.etc.tmb",
        "path": "files/texdb/loader_skin/",
        "size": 375792,
        "date": 1692141706
    },
    {
        "name": "loader_skin.etc.toc",
        "path": "files/texdb/loader_skin/",
        "size": 10024,
        "date": 1692141706
    },
    {
        "name": "loader_skin.pvr.dat",
        "path": "files/texdb/loader_skin/",
        "size": 118316818,
        "date": 1692141705
    },
    {
        "name": "loader_skin.pvr.tmb",
        "path": "files/texdb/loader_skin/",
        "size": 375792,
        "date": 1692141706
    },
    {
        "name": "loader_skin.pvr.toc",
        "path": "files/texdb/loader_skin/",
        "size": 10024,
        "date": 1692141706
    },
    {
        "name": "loader_skin.txt",
        "path": "files/texdb/loader_skin/",
        "size": 136306,
        "date": 1692141706
    },
    {
        "name": "menu.dxt.dat",
        "path": "files/texdb/menu/",
        "size": 7799478,
        "date": 1692141688
    },
    {
        "name": "menu.dxt.tmb",
        "path": "files/texdb/menu/",
        "size": 860,
        "date": 1692141688
    },
    {
        "name": "menu.dxt.toc",
        "path": "files/texdb/menu/",
        "size": 176,
        "date": 1692141689
    },
    {
        "name": "menu.etc.dat",
        "path": "files/texdb/menu/",
        "size": 10822324,
        "date": 1692141690
    },
    {
        "name": "menu.etc.tmb",
        "path": "files/texdb/menu/",
        "size": 860,
        "date": 1692141690
    },
    {
        "name": "menu.etc.toc",
        "path": "files/texdb/menu/",
        "size": 176,
        "date": 1692141690
    },
    {
        "name": "menu.pvr.dat",
        "path": "files/texdb/menu/",
        "size": 10822324,
        "date": 1692141692
    },
    {
        "name": "menu.pvr.tmb",
        "path": "files/texdb/menu/",
        "size": 860,
        "date": 1692141692
    },
    {
        "name": "menu.pvr.toc",
        "path": "files/texdb/menu/",
        "size": 176,
        "date": 1692141692
    },
    {
        "name": "menu.txt",
        "path": "files/texdb/menu/",
        "size": 3342,
        "date": 1692141692
    },
    {
        "name": "menu.unc.tmb",
        "path": "files/texdb/menu/",
        "size": 860,
        "date": 1692141693
    },
    {
        "name": "mobile.dxt.dat",
        "path": "files/texdb/mobile/",
        "size": 7266220,
        "date": 1692141686
    },
    {
        "name": "mobile.dxt.tmb",
        "path": "files/texdb/mobile/",
        "size": 4192,
        "date": 1692141686
    },
    {
        "name": "mobile.dxt.toc",
        "path": "files/texdb/mobile/",
        "size": 792,
        "date": 1692141687
    },
    {
        "name": "mobile.etc.dat",
        "path": "files/texdb/mobile/",
        "size": 7266220,
        "date": 1692141686
    },
    {
        "name": "mobile.etc.tmb",
        "path": "files/texdb/mobile/",
        "size": 4192,
        "date": 1692141686
    },
    {
        "name": "mobile.etc.toc",
        "path": "files/texdb/mobile/",
        "size": 792,
        "date": 1692141687
    },
    {
        "name": "mobile.pvr.dat",
        "path": "files/texdb/mobile/",
        "size": 7266220,
        "date": 1692141686
    },
    {
        "name": "mobile.pvr.tmb",
        "path": "files/texdb/mobile/",
        "size": 4192,
        "date": 1692141686
    },
    {
        "name": "mobile.pvr.toc",
        "path": "files/texdb/mobile/",
        "size": 792,
        "date": 1692141687
    },
    {
        "name": "mobile.txt",
        "path": "files/texdb/mobile/",
        "size": 14697,
        "date": 1692141687
    },
    {
        "name": "newtextures.dxt.dat",
        "path": "files/texdb/newtextures/",
        "size": 84796740,
        "date": 1692142109
    },
    {
        "name": "newtextures.dxt.tmb",
        "path": "files/texdb/newtextures/",
        "size": 40128,
        "date": 1692142109
    },
    {
        "name": "newtextures.dxt.toc",
        "path": "files/texdb/newtextures/",
        "size": 632,
        "date": 1692142109
    },
    {
        "name": "newtextures.etc.dat",
        "path": "files/texdb/newtextures/",
        "size": 84796740,
        "date": 1692142109
    },
    {
        "name": "newtextures.etc.tmb",
        "path": "files/texdb/newtextures/",
        "size": 40128,
        "date": 1692142109
    },
    {
        "name": "newtextures.etc.toc",
        "path": "files/texdb/newtextures/",
        "size": 632,
        "date": 1692142109
    },
    {
        "name": "newtextures.pvr.dat",
        "path": "files/texdb/newtextures/",
        "size": 84796740,
        "date": 1692142109
    },
    {
        "name": "newtextures.pvr.tmb",
        "path": "files/texdb/newtextures/",
        "size": 40128,
        "date": 1692142109
    },
    {
        "name": "newtextures.pvr.toc",
        "path": "files/texdb/newtextures/",
        "size": 632,
        "date": 1692142109
    },
    {
        "name": "newtextures.txt",
        "path": "files/texdb/newtextures/",
        "size": 9450,
        "date": 1692142109
    },
    {
        "name": "player.pvr.dat",
        "path": "files/texdb/player/",
        "size": 6569414,
        "date": 1692141684
    },
    {
        "name": "player.pvr.tmb",
        "path": "files/texdb/player/",
        "size": 6940,
        "date": 1692141685
    },
    {
        "name": "player.pvr.toc",
        "path": "files/texdb/player/",
        "size": 1580,
        "date": 1692141685
    },
    {
        "name": "player.txt",
        "path": "files/texdb/player/",
        "size": 27810,
        "date": 1692141685
    },
    {
        "name": "playerhi.pvr.dat",
        "path": "files/texdb/playerhi/",
        "size": 27658902,
        "date": 1692141683
    },
    {
        "name": "playerhi.pvr.tmb",
        "path": "files/texdb/playerhi/",
        "size": 6940,
        "date": 1692141683
    },
    {
        "name": "playerhi.pvr.toc",
        "path": "files/texdb/playerhi/",
        "size": 1580,
        "date": 1692141683
    },
    {
        "name": "playerhi.txt",
        "path": "files/texdb/playerhi/",
        "size": 28087,
        "date": 1692141683
    },
    {
        "name": "samp.dxt.dat",
        "path": "files/texdb/samp/",
        "size": 23296442,
        "date": 1692141679
    },
    {
        "name": "samp.dxt.tmb",
        "path": "files/texdb/samp/",
        "size": 20248,
        "date": 1692141679
    },
    {
        "name": "samp.dxt.toc",
        "path": "files/texdb/samp/",
        "size": 6224,
        "date": 1692141679
    },
    {
        "name": "samp.etc.dat",
        "path": "files/texdb/samp/",
        "size": 23296442,
        "date": 1692141679
    },
    {
        "name": "samp.etc.tmb",
        "path": "files/texdb/samp/",
        "size": 20248,
        "date": 1692141679
    },
    {
        "name": "samp.etc.toc",
        "path": "files/texdb/samp/",
        "size": 6224,
        "date": 1692141679
    },
    {
        "name": "samp.pvr.dat",
        "path": "files/texdb/samp/",
        "size": 23296442,
        "date": 1692141679
    },
    {
        "name": "samp.pvr.tmb",
        "path": "files/texdb/samp/",
        "size": 20248,
        "date": 1692141679
    },
    {
        "name": "samp.pvr.toc",
        "path": "files/texdb/samp/",
        "size": 6224,
        "date": 1692141679
    },
    {
        "name": "samp.txt",
        "path": "files/texdb/samp/",
        "size": 90382,
        "date": 1692141680
    },
    {
        "name": "samp.img",
        "path": "files/texdb/",
        "size": 35794944,
        "date": 1692141847
    },
    {
        "name": "temp1.dxt.dat",
        "path": "files/texdb/temp1/",
        "size": 48140086,
        "date": 1692142093
    },
    {
        "name": "temp1.dxt.tmb",
        "path": "files/texdb/temp1/",
        "size": 119952,
        "date": 1692142093
    },
    {
        "name": "temp1.dxt.toc",
        "path": "files/texdb/temp1/",
        "size": 1768,
        "date": 1692142093
    },
    {
        "name": "temp1.etc.dat",
        "path": "files/texdb/temp1/",
        "size": 48140086,
        "date": 1692142093
    },
    {
        "name": "temp1.etc.tmb",
        "path": "files/texdb/temp1/",
        "size": 119952,
        "date": 1692142093
    },
    {
        "name": "temp1.etc.toc",
        "path": "files/texdb/temp1/",
        "size": 1768,
        "date": 1692142093
    },
    {
        "name": "temp1.pvr.dat",
        "path": "files/texdb/temp1/",
        "size": 48140086,
        "date": 1692142093
    },
    {
        "name": "temp1.pvr.tmb",
        "path": "files/texdb/temp1/",
        "size": 119952,
        "date": 1692142093
    },
    {
        "name": "temp1.pvr.toc",
        "path": "files/texdb/temp1/",
        "size": 1768,
        "date": 1692142093
    },
    {
        "name": "temp1.txt",
        "path": "files/texdb/temp1/",
        "size": 22703,
        "date": 1692142087
    },
    {
        "name": "temp2.dxt.dat",
        "path": "files/texdb/temp2/",
        "size": 4190254,
        "date": 1692142095
    },
    {
        "name": "temp2.dxt.tmb",
        "path": "files/texdb/temp2/",
        "size": 31008,
        "date": 1692142095
    },
    {
        "name": "temp2.dxt.toc",
        "path": "files/texdb/temp2/",
        "size": 460,
        "date": 1692142095
    },
    {
        "name": "temp2.etc.dat",
        "path": "files/texdb/temp2/",
        "size": 4190254,
        "date": 1692142095
    },
    {
        "name": "temp2.etc.tmb",
        "path": "files/texdb/temp2/",
        "size": 31008,
        "date": 1692142095
    },
    {
        "name": "temp2.etc.toc",
        "path": "files/texdb/temp2/",
        "size": 460,
        "date": 1692142095
    },
    {
        "name": "temp2.pvr.dat",
        "path": "files/texdb/temp2/",
        "size": 4190254,
        "date": 1692142095
    },
    {
        "name": "temp2.pvr.tmb",
        "path": "files/texdb/temp2/",
        "size": 31008,
        "date": 1692142095
    },
    {
        "name": "temp2.pvr.toc",
        "path": "files/texdb/temp2/",
        "size": 460,
        "date": 1692142095
    },
    {
        "name": "temp2.txt",
        "path": "files/texdb/temp2/",
        "size": 6613,
        "date": 1692142094
    },
    {
        "name": "launcher.apk",
        "path": "",
        "size": 95260598,
        "date": 1733071799
    },
    {
        "name": ".archive.saa",
        "path": "mali/",
        "size": 224061090,
        "date": 1722965382
    },
    {
        "name": ".archive.zip",
        "path": "mali/",
        "size": 147426971,
        "date": 1724862449
    },
    {
        "name": ".archive1.saa",
        "path": "mali/",
        "size": 685659034,
        "date": 1722965353
    },
    {
        "name": ".archive1.zip",
        "path": "mali/",
        "size": 230138071,
        "date": 1724862707
    },
    {
        "name": ".archive.saa",
        "path": "powervr/",
        "size": 224061090,
        "date": 1722965530
    },
    {
        "name": ".archive.zip",
        "path": "powervr/",
        "size": 147426974,
        "date": 1724862313
    },
    {
        "name": ".archive1.saa",
        "path": "powervr/",
        "size": 685659034,
        "date": 1722965577
    },
    {
        "name": ".archive1.zip",
        "path": "powervr/",
        "size": 230138076,
        "date": 1724862118
    }
]