{
	"StandartLevel": [
		{
			"id": 1,
			"name": "VIP RUBY НА 1Д.",
			"typeId": 19,
			"awardId": 0,
			"count": 1,
			"typeReward": 0
		},
		{
			"id": 2,
			"name": "10.000.000 Р",
			"typeId": 1,
			"awardId": 0,
			"count": 10000000,
			"typeReward": 0
		},
		{
			"id": 3,
			"name": "50 BC",
			"typeId": 3,
			"awardId": 0,
			"count": 50,
			"typeReward": 0
		},
		{
			"id": 4,
			"name": "RR Cullinan НА 12Ч.",
			"name_store": "RR Cullinan НА 12Ч.",
			"typeId": 2,
			"awardId": 2564,
			"count": 12,
			"typeReward": 0
		},
		{
			"id": 5,
			"name": "5 BC",
			"typeId": 3,
			"awardId": 0,
			"count": 5,
			"typeReward": 0
		},
		{
			"id": 6,
			"name": "VIP SAPPHIRE НА 1Д.",
			"typeId": 19,
			"awardId": 1,
			"count": 1,
			"typeReward": 0
		},
		{
			"id": 7,
			"name": "10.000.000 Р",
			"typeId": 1,
			"awardId": 0,
			"count": 10000000,
			"typeReward": 0
		},
		{
			"id": 8,
			"name": "50 BC",
			"typeId": 3,
			"awardId": 0,
			"count": 50,
			"typeReward": 0
		},
		{
			"id": 9,
			"name": "X2 КУПОН НА 24Ч.",
			"typeId": 18,
			"awardId": 0,
			"count": 24,
			"typeReward": 0
		},
		{
			"id": 10,
			"name": "Маска белая",
			"typeId": 5,
			"awardId": 15146,
			"count": 722,
			"typeReward": 1
		},
		{
			"id": 11,
			"name": "VIP SAPPHIRE НА 1Д.",
			"typeId": 19,
			"awardId": 1,
			"count": 1,
			"typeReward": 0
		},
		{
			"id": 12,
			"name": "10.000.000 Р",
			"typeId": 1,
			"awardId": 0,
			"count": 10000000,
			"typeReward": 0
		},
		{
			"id": 13,
			"name": "5 EXP",
			"typeId": 0,
			"awardId": 0,
			"count": 5,
			"typeReward": 0
		},
		{
			"id": 14,
			"name": "MB S650 НА 12Ч.",
			"name_store": "MB S650 НА 12Ч.",
			"typeId": 2,
			"awardId": 2558,
			"count": 12,
			"typeReward": 0
		},
		{
			"id": 15,
			"name": "5 BC",
			"typeId": 3,
			"awardId": 0,
			"count": 5,
			"typeReward": 0
		},
		{
			"id": 16,
			"name": "VIP SAPPHIRE НА 1Д.",
			"typeId": 19,
			"awardId": 1,
			"count": 1,
			"typeReward": 0
		},
		{
			"id": 17,
			"name": "10.000.000 Р",
			"typeId": 1,
			"awardId": 0,
			"count": 10000000,
			"typeReward": 0
		},
		{
			"id": 18,
			"name": "50 BC",
			"typeId": 3,
			"awardId": 0,
			"count": 50,
			"typeReward": 0
		},
		{
			"id": 19,
			"name": "X2 КУПОН НА 24Ч.",
			"typeId": 18,
			"awardId": 0,
			"count": 24,
			"typeReward": 0
		},
		{
			"id": 20,
			"name": "Маска Джейсона",
			"typeId": 5,
			"awardId": 15145,
			"count": 711,
			"typeReward": 1
		},
		{
			"id": 21,
			"name": "VIP SAPPHIRE НА 1Д.",
			"typeId": 19,
			"awardId": 1,
			"count": 1,
			"typeReward": 0
		},
		{
			"id": 22,
			"name": "10.000.000 Р",
			"typeId": 1,
			"awardId": 0,
			"count": 10000000,
			"typeReward": 0
		},
		{
			"id": 23,
			"name": "5 EXP",
			"typeId": 0,
			"awardId": 0,
			"count": 5,
			"typeReward": 0
		},
		{
			"id": 24,
			"name": "50 BC",
			"typeId": 3,
			"awardId": 0,
			"count": 50,
			"typeReward": 0
		},
		{
			"id": 25,
			"name": "5 BC",
			"typeId": 3,
			"awardId": 0,
			"count": 5,
			"typeReward": 0
		},
		{
			"id": 26,
			"name": "VIP SAPPHIRE НА 1Д.",
			"typeId": 19,
			"awardId": 1,
			"count": 1,
			"typeReward": 0
		},
		{
			"id": 27,
			"name": "10.000.000 Р",
			"typeId": 1,
			"awardId": 0,
			"count": 10000000,
			"typeReward": 0
		},
		{
			"id": 28,
			"name": "50 BC",
			"typeId": 3,
			"awardId": 0,
			"count": 50,
			"typeReward": 0
		},
		{
			"id": 29,
			"name": "X2 КУПОН НА 24Ч.",
			"typeId": 18,
			"awardId": 0,
			"count": 24,
			"typeReward": 0
		},
		{
			"id": 30,
			"name": "Король Пиратов",
			"typeId": 7,
			"awardId": 5341,
			"count": 0,
			"typeReward": 1
		},
		{
			"id": 31,
			"name": "VIP SAPPHIRE НА 1Д.",
			"typeId": 19,
			"awardId": 1,
			"count": 1,
			"typeReward": 0
		},
		{
			"id": 32,
			"name": "15.000.000 Р",
			"typeId": 1,
			"awardId": 0,
			"count": 15000000,
			"typeReward": 0
		},
		{
			"id": 33,
			"name": "10 EXP",
			"typeId": 0,
			"awardId": 0,
			"count": 10,
			"typeReward": 0
		},
		{
			"id": 34,
			"name": "Xpeng P7 НА 12Ч.",
			"name_store": "China Car P7 НА 12Ч.",
			"typeId": 2,
			"awardId": 2621,
			"count": 12,
			"typeReward": 0
		},
		{
			"id": 35,
			"name": "7 BC",
			"typeId": 3,
			"awardId": 0,
			"count": 7,
			"typeReward": 0
		},
		{
			"id": 36,
			"name": "VIP SAPPHIRE НА 1Д.",
			"typeId": 19,
			"awardId": 1,
			"count": 1,
			"typeReward": 0
		},
		{
			"id": 37,
			"name": "15.000.000 Р",
			"typeId": 1,
			"awardId": 0,
			"count": 15000000,
			"typeReward": 0
		},
		{
			"id": 38,
			"name": "50 BC",
			"typeId": 3,
			"awardId": 0,
			"count": 50,
			"typeReward": 0
		},
		{
			"id": 39,
			"name": "X2 КУПОН НА 24Ч.",
			"typeId": 18,
			"awardId": 0,
			"count": 24,
			"typeReward": 0
		},
		{
			"id": 40,
			"name": "Школьный ранец",
			"typeId": 5,
			"awardId": 4204,
			"count": 721,
			"typeReward": 1
		},
		{
			"id": 41,
			"name": "VIP EMERALD НА 1Д.",
			"typeId": 19,
			"awardId": 2,
			"count": 1,
			"typeReward": 0
		},
		{
			"id": 42,
			"name": "15.000.000 Р",
			"typeId": 1,
			"awardId": 0,
			"count": 15000000,
			"typeReward": 0
		},
		{
			"id": 43,
			"name": "10 EXP",
			"typeId": 0,
			"awardId": 0,
			"count": 10,
			"typeReward": 0
		},
		{
			"id": 44,
			"name": "Infiniti FX50S НА 12Ч.",
			"name_store": "Trinity XF50 НА 12Ч.",
			"typeId": 2,
			"awardId": 2625,
			"count": 12,
			"typeReward": 0
		},
		{
			"id": 45,
			"name": "7 BC",
			"typeId": 3,
			"awardId": 0,
			"count": 7,
			"typeReward": 0
		},
		{
			"id": 46,
			"name": "VIP EMERALD НА 1Д.",
			"typeId": 19,
			"awardId": 2,
			"count": 1,
			"typeReward": 0
		},
		{
			"id": 47,
			"name": "15.000.000 Р",
			"typeId": 1,
			"awardId": 0,
			"count": 15000000,
			"typeReward": 0
		},
		{
			"id": 48,
			"name": "100 BC",
			"typeId": 3,
			"awardId": 0,
			"count": 100,
			"typeReward": 0
		},
		{
			"id": 49,
			"name": "X2 КУПОН НА 24Ч.",
			"typeId": 18,
			"awardId": 0,
			"count": 24,
			"typeReward": 0
		},
		{
			"id": 50,
			"name": "Снеговик",
			"typeId": 7,
			"awardId": 5326,
			"count": 0,
			"typeReward": 1
		},
		{
			"id": 51,
			"name": "VIP EMERALD НА 1Д.",
			"typeId": 19,
			"awardId": 2,
			"count": 1,
			"typeReward": 0
		},
		{
			"id": 52,
			"name": "20.000.000 Р",
			"typeId": 1,
			"awardId": 0,
			"count": 20000000,
			"typeReward": 0
		},
		{
			"id": 53,
			"name": "10 EXP",
			"typeId": 0,
			"awardId": 0,
			"count": 10,
			"typeReward": 0
		},
		{
			"id": 54,
			"name": "X2 КУПОН НА 24Ч.",
			"typeId": 18,
			"awardId": 0,
			"count": 24,
			"typeReward": 0
		},
		{
			"id": 55,
			"name": "7 BC",
			"typeId": 3,
			"awardId": 0,
			"count": 7,
			"typeReward": 0
		},
		{
			"id": 56,
			"name": "VIP EMERALD НА 1Д.",
			"typeId": 19,
			"awardId": 2,
			"count": 1,
			"typeReward": 0
		},
		{
			"id": 57,
			"name": "20.000.000 Р",
			"typeId": 1,
			"awardId": 0,
			"count": 20000000,
			"typeReward": 0
		},
		{
			"id": 58,
			"name": "100 BC",
			"typeId": 3,
			"awardId": 0,
			"count": 100,
			"typeReward": 0
		},
		{
			"id": 59,
			"name": "X2 КУПОН НА 24Ч.",
			"typeId": 18,
			"awardId": 0,
			"count": 24,
			"typeReward": 0
		},
		{
			"id": 60,
			"name": "Фонарь пирата",
			"typeId": 5,
			"awardId": 5384,
			"count": 720,
			"typeReward": 1
		},
		{
			"id": 61,
			"name": "VIP DIAMOND НА 1Д.",
			"typeId": 19,
			"awardId": 3,
			"count": 1,
			"typeReward": 0
		},
		{
			"id": 62,
			"name": "20.000.000 Р",
			"typeId": 1,
			"awardId": 0,
			"count": 20000000,
			"typeReward": 0
		},
		{
			"id": 63,
			"name": "10 EXP",
			"typeId": 0,
			"awardId": 0,
			"count": 10,
			"typeReward": 0
		},
		{
			"id": 64,
			"name": "Bentley Mulliner НА 12Ч.",
			"name_store": "Bentley Mulliner НА 12Ч.",
			"typeId": 2,
			"awardId": 2600,
			"count": 12,
			"typeReward": 0
		},
		{
			"id": 65,
			"name": "Меч смерти",
			"typeId": 5,
			"awardId": 5376,
			"count": 713,
			"typeReward": 1
		},
		{
			"id": 66,
			"name": "VIP DIAMOND НА 1Д.",
			"typeId": 19,
			"awardId": 3,
			"count": 1,
			"typeReward": 0
		},
		{
			"id": 67,
			"name": "20.000.000 Р",
			"typeId": 1,
			"awardId": 0,
			"count": 20000000,
			"typeReward": 0
		},
		{
			"id": 68,
			"name": "100 BC",
			"typeId": 3,
			"awardId": 0,
			"count": 100,
			"typeReward": 0
		},
		{
			"id": 69,
			"name": "X2 КУПОН НА 24Ч.",
			"typeId": 18,
			"awardId": 0,
			"count": 24,
			"typeReward": 0
		},
		{
			"id": 70,
			"name": "Tesla Model S",
			"name_store": "Tesla Model S",
			"typeId": 8,
			"awardId": 2544,
			"count": 0,
			"typeReward": 1
		},
		{
			"id": 71,
			"name": "VIP DIAMOND НА 1Д.",
			"typeId": 19,
			"awardId": 3,
			"count": 1,
			"typeReward": 0
		},
		{
			"id": 72,
			"name": "20.000.000 Р",
			"typeId": 1,
			"awardId": 0,
			"count": 20000000,
			"typeReward": 0
		},
		{
			"id": 73,
			"name": "100 BC",
			"typeId": 3,
			"awardId": 0,
			"count": 100,
			"typeReward": 0
		},
		{
			"id": 74,
			"name": "10 EXP",
			"typeId": 0,
			"awardId": 0,
			"count": 10,
			"typeReward": 0
		},
		{
			"id": 75,
			"name": "10.000.000 Р",
			"typeId": 1,
			"awardId": 0,
			"count": 10000000,
			"typeReward": 0
		}
	],
	"PremiumLevel": [
		{
			"id": 1,
			"name": "100 BC",
			"typeId": 3,
			"awardId": 0,
			"count": 100,
			"typeReward": 0
		},
		{
			"id": 2,
			"name": "15.000.000 Р",
			"typeId": 1,
			"awardId": 0,
			"count": 15000000,
			"typeReward": 0
		},
		{
			"id": 3,
			"name": "50 BC",
			"typeId": 3,
			"awardId": 0,
			"count": 50,
			"typeReward": 0
		},
		{
			"id": 4,
			"name": "Bugatti La Noire НА 24Ч.",
			"name_store": "La Noire НА 24Ч.",
			"typeId": 2,
			"awardId": 2569,
			"count": 24,
			"typeReward": 0
		},
		{
			"id": 2,
			"name": "5.000.000 Р",
			"typeId": 1,
			"awardId": 0,
			"count": 5000000,
			"typeReward": 0
		},
		{
			"id": 6,
			"name": "VIP EMERALD НА 1Д.",
			"typeId": 19,
			"awardId": 2,
			"count": 1,
			"typeReward": 0
		},
		{
			"id": 7,
			"name": "15.000.000 Р",
			"typeId": 1,
			"awardId": 0,
			"count": 15000000,
			"typeReward": 0
		},
		{
			"id": 8,
			"name": "50 BC",
			"typeId": 3,
			"awardId": 0,
			"count": 50,
			"typeReward": 0
		},
		{
			"id": 9,
			"name": "7 BC",
			"typeId": 3,
			"awardId": 0,
			"count": 7,
			"typeReward": 0
		},
		{
			"id": 10,
			"name": "Ferrari California T",
			"name_store": "California T",
			"typeId": 8,
			"awardId": 2605,
			"count": 0,
			"typeReward": 1
		},
		{
			"id": 11,
			"name": "VIP EMERALD НА 1Д.",
			"typeId": 19,
			"awardId": 2,
			"count": 1,
			"typeReward": 0
		},
		{
			"id": 12,
			"name": "15.000.000 Р",
			"typeId": 1,
			"awardId": 0,
			"count": 15000000,
			"typeReward": 0
		},
		{
			"id": 13,
			"name": "50 BC",
			"typeId": 3,
			"awardId": 0,
			"count": 50,
			"typeReward": 0
		},
		{
			"id": 14,
			"name": "BMW X7 НА 24Ч.",
			"name_store": "BMW X7 НА 24Ч.",
			"typeId": 2,
			"awardId": 2574,
			"count": 24,
			"typeReward": 0
		},
		{
			"id": 15,
			"name": "Террорист КС",
			"typeId": 7,
			"awardId": 18595,
			"count": 0,
			"typeReward": 1
		},
		{
			"id": 16,
			"name": "VIP EMERALD НА 1Д.",
			"typeId": 19,
			"awardId": 2,
			"count": 1,
			"typeReward": 0
		},
		{
			"id": 17,
			"name": "15.000.000 Р",
			"typeId": 1,
			"awardId": 0,
			"count": 15000000,
			"typeReward": 0
		},
		{
			"id": 18,
			"name": "50 BC",
			"typeId": 3,
			"awardId": 0,
			"count": 50,
			"typeReward": 0
		},
		{
			"id": 19,
			"name": "5 BC",
			"typeId": 3,
			"awardId": 0,
			"count": 5,
			"typeReward": 0
		},
		{
			"id": 20,
			"name": "Очки Доллар",
			"typeId": 5,
			"awardId": 18517,
			"count": 715,
			"typeReward": 1
		},
		{
			"id": 21,
			"name": "VIP EMERALD НА 1Д.",
			"typeId": 19,
			"awardId": 2,
			"count": 1,
			"typeReward": 0
		},
		{
			"id": 22,
			"name": "15.000.000 Р",
			"typeId": 1,
			"awardId": 0,
			"count": 15000000,
			"typeReward": 0
		},
		{
			"id": 23,
			"name": "50 BC",
			"typeId": 3,
			"awardId": 0,
			"count": 50,
			"typeReward": 0
		},
		{
			"id": 24,
			"name": "Morris Minor НА 24Ч.",
			"name_store": "Morris Minor НА 24Ч.",
			"typeId": 2,
			"awardId": 2577,
			"count": 24,
			"typeReward": 0
		},
		{
			"id": 25,
			"name": "Венок",
			"typeId": 5,
			"awardId": 13736,
			"count": 715,
			"typeReward": 1
		},
		{
			"id": 26,
			"name": "VIP EMERALD НА 1Д.",
			"typeId": 19,
			"awardId": 2,
			"count": 1,
			"typeReward": 0
		},
		{
			"id": 27,
			"name": "15.000.000 Р",
			"typeId": 1,
			"awardId": 0,
			"count": 15000000,
			"typeReward": 0
		},
		{
			"id": 28,
			"name": "50 BC",
			"typeId": 3,
			"awardId": 0,
			"count": 50,
			"typeReward": 0
		},
		{
			"id": 29,
			"name": "7 BC",
			"typeId": 3,
			"awardId": 0,
			"count": 7,
			"typeReward": 0
		},
		{
			"id": 30,
			"name": "RR Cullinan",
			"name_store": "RR Cullinan",
			"typeId": 8,
			"awardId": 2564,
			"count": 0,
			"typeReward": 1
		},
		{
			"id": 31,
			"name": "VIP EMERALD НА 1Д.",
			"typeId": 19,
			"awardId": 2,
			"count": 1,
			"typeReward": 0
		},
		{
			"id": 32,
			"name": "20.000.000 Р",
			"typeId": 1,
			"awardId": 0,
			"count": 20000000,
			"typeReward": 0
		},
		{
			"id": 33,
			"name": "50 BC",
			"typeId": 3,
			"awardId": 0,
			"count": 50,
			"typeReward": 0
		},
		{
			"id": 34,
			"name": "BMW M1 НА 24Ч.",
			"name_store": "BMW M1 24Ч.",
			"typeId": 2,
			"awardId": 2607,
			"count": 24,
			"typeReward": 0
		},
		{
			"id": 35,
			"name": "Джарахов",
			"typeId": 7,
			"awardId": 202,
			"count": 0,
			"typeReward": 1
		},
		{
			"id": 36,
			"name": "VIP EMERALD НА 1Д.",
			"typeId": 19,
			"awardId": 2,
			"count": 1,
			"typeReward": 0
		},
		{
			"id": 37,
			"name": "20.000.000 Р",
			"typeId": 1,
			"awardId": 0,
			"count": 20000000,
			"typeReward": 0
		},
		{
			"id": 38,
			"name": "50 BC",
			"typeId": 3,
			"awardId": 0,
			"count": 50,
			"typeReward": 0
		},
		{
			"id": 39,
			"name": "7 BC",
			"typeId": 3,
			"awardId": 0,
			"count": 7,
			"typeReward": 0
		},
		{
			"id": 40,
			"name": "Куплинов",
			"typeId": 7,
			"awardId": 204,
			"count": 0,
			"typeReward": 1
		},
		{
			"id": 41,
			"name": "VIP DIAMOND НА 1Д.",
			"typeId": 19,
			"awardId": 3,
			"count": 1,
			"typeReward": 0
		},
		{
			"id": 42,
			"name": "20.000.000 Р",
			"typeId": 1,
			"awardId": 0,
			"count": 20000000,
			"typeReward": 0
		},
		{
			"id": 43,
			"name": "75 BC",
			"typeId": 3,
			"awardId": 0,
			"count": 75,
			"typeReward": 0
		},
		{
			"id": 44,
			"name": "Mercury Coupe НА 24Ч.",
			"name_store": "Mercury Coupe НА 24Ч.",
			"typeId": 2,
			"awardId": 2576,
			"count": 24,
			"typeReward": 0
		},
		{
			"id": 45,
			"name": "Макита кейс",
			"typeId": 5,
			"awardId": 18509,
			"count": 716,
			"typeReward": 1
		},
		{
			"id": 46,
			"name": "VIP DIAMOND НА 1Д.",
			"typeId": 19,
			"awardId": 3,
			"count": 1,
			"typeReward": 0
		},
		{
			"id": 47,
			"name": "20.000.000 Р",
			"typeId": 1,
			"awardId": 0,
			"count": 20000000,
			"typeReward": 0
		},
		{
			"id": 48,
			"name": "75 BC",
			"typeId": 3,
			"awardId": 0,
			"count": 75,
			"typeReward": 0
		},
		{
			"id": 49,
			"name": "7 BC",
			"typeId": 3,
			"awardId": 0,
			"count": 7,
			"typeReward": 0
		},
		{
			"id": 50,
			"name": "BMW I8",
			"name_store": "BMW I8",
			"typeId": 8,
			"awardId": 494,
			"count": 0,
			"typeReward": 1
		},
		{
			"id": 51,
			"name": "VIP DIAMOND НА 2Д.",
			"typeId": 19,
			"awardId": 3,
			"count": 2,
			"typeReward": 0
		},
		{
			"id": 52,
			"name": "20.000.000 Р",
			"typeId": 1,
			"awardId": 0,
			"count": 20000000,
			"typeReward": 0
		},
		{
			"id": 53,
			"name": "75 BC",
			"typeId": 3,
			"awardId": 0,
			"count": 75,
			"typeReward": 0
		},
		{
			"id": 54,
			"name": "Puch Pinzgauer НА 24Ч.",
			"name_store": "Puch Pinzgauer НА 24Ч.",
			"typeId": 2,
			"awardId": 573,
			"count": 24,
			"typeReward": 0
		},
		{
			"id": 55,
			"name": "Неоновые очки",
			"typeId": 5,
			"awardId": 18520,
			"count": 714,
			"typeReward": 1
		},
		{
			"id": 56,
			"name": "VIP DIAMOND НА 2Д.",
			"typeId": 19,
			"awardId": 3,
			"count": 2,
			"typeReward": 0
		},
		{
			"id": 57,
			"name": "20.000.000 Р",
			"typeId": 1,
			"awardId": 0,
			"count": 20000000,
			"typeReward": 0
		},
		{
			"id": 58,
			"name": "75 BC",
			"typeId": 3,
			"awardId": 0,
			"count": 75,
			"typeReward": 0
		},
		{
			"id": 59,
			"name": "7 BC",
			"typeId": 3,
			"awardId": 0,
			"count": 7,
			"typeReward": 0
		},
		{
			"id": 60,
			"name": "Пошлый скин",
			"typeId": 7,
			"awardId": 139,
			"count": 0,
			"typeReward": 1
		},
		{
			"id": 61,
			"name": "VIP DIAMOND НА 2Д.",
			"typeId": 19,
			"awardId": 3,
			"count": 2,
			"typeReward": 0
		},
		{
			"id": 62,
			"name": "20.000.000 Р",
			"typeId": 1,
			"awardId": 0,
			"count": 20000000,
			"typeReward": 0
		},
		{
			"id": 63,
			"name": "75 BC",
			"typeId": 3,
			"awardId": 0,
			"count": 75,
			"typeReward": 0
		},
		{
			"id": 64,
			"name": "300SL Coupe НА 24Ч.",
			"name_store": "300SL Coupe НА 24Ч.",
			"typeId": 2,
			"awardId": 2585,
			"count": 24,
			"typeReward": 0
		},
		{
			"id": 65,
			"name": "Новогодний топорик",
			"typeId": 5,
			"awardId": 18369,
			"count": 718,
			"typeReward": 1
		},
		{
			"id": 66,
			"name": "VIP DIAMOND НА 2Д.",
			"typeId": 19,
			"awardId": 3,
			"count": 2,
			"typeReward": 0
		},
		{
			"id": 67,
			"name": "20.000.000 Р",
			"typeId": 1,
			"awardId": 0,
			"count": 20000000,
			"typeReward": 0
		},
		{
			"id": 68,
			"name": "75 BC",
			"typeId": 3,
			"awardId": 0,
			"count": 75,
			"typeReward": 0
		},
		{
			"id": 69,
			"name": "7 BC",
			"typeId": 3,
			"awardId": 0,
			"count": 7,
			"typeReward": 0
		},
		{
			"id": 70,
			"name": "BMW M5 F90",
			"name_store": "BMW M5 F90",
			"typeId": 8,
			"awardId": 466 ,
			"count": 0,
			"typeReward": 1
		},
		{
			"id": 71,
			"name": "VIP DIAMOND НА 2Д.",
			"typeId": 19,
			"awardId": 3,
			"count": 2,
			"typeReward": 0
		},
		{
			"id": 72,
			"name": "20.000.000 Р",
			"typeId": 1,
			"awardId": 0,
			"count": 20000000,
			"typeReward": 0
		},
		{
			"id": 73,
			"name": "75 BC",
			"typeId": 3,
			"awardId": 0,
			"count": 75,
			"typeReward": 0
		},
		{
			"id": 74,
			"name": "15 BC",
			"typeId": 3,
			"awardId": 0,
			"count": 15,
			"typeReward": 0
		},
		{
			"id": 75,
			"name": "10.000.000 Р",
			"typeId": 1,
			"awardId": 0,
			"count": 10000000,
			"typeReward": 0
		}
	],
	"MarathonLevel": [
		{
			"id": 1,
			"name": "5.000.000 РУБЛЕЙ",
			"typeId": 1,
			"awardId": 400,
			"count": 5000000
		},
		{
			"id": 2,
			"name": "2 EXP",
			"typeId": 0,
			"awardId": 400,
			"count": 2
		},
		{
			"id": 3,
			"name": "VIP SAPPHIRE 3Д.",
			"typeId": 4,
			"awardId": 1,
			"count": 3
		},
		{
			"id": 4,
			"name": "30 BC",
			"typeId": 3,
			"awardId": 400,
			"count": 30
		},
		{
			"id": 5,
			"name": "10.000.000 РУБЛЕЙ",
			"typeId": 1,
			"awardId": 400,
			"count": 10000000
		},
		{
			"id": 6,
			"name": "4 EXP",
			"typeId": 0,
			"awardId": 400,
			"count": 4
		},
		{
			"id": 7,
			"name": "VIP EMERALD 1Д.",
			"typeId": 4,
			"awardId": 2,
			"count": 1
		},
		{
			"id": 8,
			"name": "7 BC",
			"typeId": 3,
			"awardId": 0,
			"count": 7
		},
		{
			"id": 9,
			"name": "20.000.000 РУБЛЕЙ",
			"typeId": 1,
			"awardId": 400,
			"count": 20000000
		},
		{
			"id": 10,
			"name": "6 EXP",
			"typeId": 0,
			"awardId": 400,
			"count": 6
		},
		{
			"id": 11,
			"name": "VIP EMERALD 3Д.",
			"typeId": 4,
			"awardId": 2,
			"count": 3
		},
		{
			"id": 12,
			"name": "Lamborghini НА 6Ч.",
			"name_store": "Uragan НА 6Ч.",
			"typeId": 2,
			"awardId": 2549,
			"count": 6
		},
		{
			"id": 13,
			"name": "8 EXP",
			"typeId": 0,
			"awardId": 400,
			"count": 8
		},
		{
			"id": 14,
			"name": "7 BC",
			"typeId": 3,
			"awardId": 0,
			"count": 7
		}
	],
	"LevelPrices": 150,
	"Tasks": [
		{
			"id": 0,
			"type": "Общие",
			"text": "Знакомство с администрацией",
			"description": "Посетите здание правительства (Как найти: /gps > Важные места > Правительство).",
			"count": 1,
			"subtype": 0,
			"typeint": 0,
			"award": 2000,
			"routeId": 1,
			"complexity": 0,
			"taskStatus": 1
		},
		{
			"id": 1,
			"type": "Общие",
			"text": "Здоровье превыше всего!",
			"description": "Посетите городскую больницу (Как найти: /gps > Государственные организации > Городская больница).",
			"count": 1,
			"subtype": 0,
			"typeint": 0,
			"award": 2000,
			"routeId": 141,
			"complexity": 0,
			"taskStatus": 1
		},
		{
			"id": 2,
			"type": "Общие",
			"text": "Без пяти минут банкир",
			"description": "Посетите ближайшее банковское отделение (Как найти: /gps > Банки).",
			"count": 1,
			"subtype": 0,
			"typeint": 0,
			"award": 2000,
			"routeId": 142,
			"complexity": 0,
			"taskStatus": 1
		},
		{
			"id": 3,
			"type": "Общие",
			"text": "Любитель покушать!",
			"description": "Найдите ближайшую забегаловку (Как найти: /gps > Ближайшие места > Найдите ближайшую закусочную).",
			"count": 1,
			"subtype": 0,
			"typeint": 0,
			"award": 2000,
			"routeId": 129,
			"complexity": 0,
			"taskStatus": 1
		},
		{
			"id": 4,
			"type": "Общие",
			"text": "Вся наша жизнь — игра",
			"description": "Найдите ближайшее казино и посетите его.",
			"count": 1,
			"subtype": 0,
			"typeint": 0,
			"award": 2000,
			"routeId": 49,
			"complexity": 0,
			"taskStatus": 1
		},
		{
			"id": 5,
			"type": "Общие",
			"text": "Люби и саночки возить",
			"description": "Заправить свой автомобиль на АЗС (Как найти: /gps > Ближайшие места > Найдите ближайшую АЗС).",
			"count": 1,
			"subtype": 0,
			"typeint": 1,
			"award": 3000,
			"routeId": 126,
			"complexity": 1,
			"taskStatus": 1
		},
		{
			"id": 6,
			"type": "Общие",
			"text": "Король тюнинга",
			"description": "Сделайте тюнинг своего автомобиля в СТО (Как найти: /gps > Важные места > [12] СТО и тюнинг-ателье > [2] Стайлинг Центр).",
			"count": 1,
			"subtype": 0,
			"typeint": 1,
			"award": 5000,
			"routeId": 69,
			"complexity": 2,
			"taskStatus": 1
		},
		{
			"id": 7,
			"type": "Общие",
			"text": "Заядлый автолюбитель",
			"description": "Проехать 20 километров на своём автомобиле.",
			"count": 20,
			"subtype": 0,
			"typeint": 1,
			"award": 5000,
			"complexity": 2,
			"taskStatus": 1
		},
		{
			"id": 8,
			"type": "Общие",
			"text": "Подарок невесте",
			"description": "Купите букет цветов (Как найти: /gps > Ближайшие места > Найдите ближайший магазин 24/7).",
			"count": 1,
			"subtype": 0,
			"typeint": 0,
			"award": 2000,
			"routeId": 128,
			"complexity": 0,
			"taskStatus": 1
		},
		{
			"id": 9,
			"type": "Общие",
			"text": "Всегда под рукой!",
			"description": "Купите 1 ремонтный набор (Как найти: /gps > Ближайшие места > Найдите ближайший магазин 24/7).",
			"count": 1,
			"subtype": 0,
			"typeint": 0,
			"award": 3000,
			"routeId": 128,
			"complexity": 1,
			"taskStatus": 1
		},
		{
			"id": 13,
			"type": "Общие",
			"text": "Агент под прикрытием",
			"description": "Купите маску (Как найти: /gps > Ближайшие места > Найдите ближайший магазин 24/7).",
			"count": 1,
			"subtype": 0,
			"typeint": 0,
			"award": 2000,
			"routeId": 128,
			"complexity": 0,
			"taskStatus": 1
		},
		{
			"id": 14,
			"type": "Общие",
			"text": "Окажи мед. помощь!",
			"description": "Купите 1 аптечку (Как найти: /gps > Ближайшие места > Найдите ближайший магазин 24/7).",
			"count": 1,
			"subtype": 0,
			"typeint": 0,
			"award": 2000,
			"routeId": 128,
			"complexity": 0,
			"taskStatus": 1
		},
		{
			"id": 47,
			"type": "Общие",
			"text": "Лудоман",
			"description": "Выиграйте 1 ставку в казино",
			"count": 1,
			"subtype": 5,
			"typeint": 7,
			"award": 5000,
			"routeId": 16,
			"complexity": 2,
			"taskStatus": 1
		},
		{
			"id": 49,
			"type": "Общие",
			"text": "Меломан",
			"description": "Включите радио в автомобиле",
			"count": 1,
			"subtype": 0,
			"typeint": 0,
			"award": 2000,
			"routeId": 128,
			"complexity": 0,
			"taskStatus": 1
		},
		{
			"id": 50,
			"type": "Рабочие",
			"text": "Полицейский",
			"description": "Устройтесь в ГИБДД",
			"count": 1,
			"subtype": 4,
			"typeint": 7,
			"award": 3000,
			"routeId": 15,
			"complexity": 1,
			"taskStatus": 1
		},
		{
			"id": 52,
			"type": "Общие",
			"text": "Оставайся с нами",
			"description": "Отыграйте 1 час.",
			"count": 1,
			"subtype": 0,
			"typeint": 0,
			"award": 5000,
			"complexity": 2,
			"taskStatus": 1
		},
		{
			"id": 55,
			"type": "Рабочие",
			"text": "Водитель-эксперт",
			"description": "Проедьте 1 круг на работе инкоссатора",
			"count": 1,
			"subtype": 0,
			"typeint": 0,
			"award": 3000,
			"routeId": 18,
			"complexity": 1,
			"taskStatus": 1
		},
		{
			"id": 56,
			"type": "Рабочие",
			"text": "Шахтер",
			"description": "Заработайте 100.000 рублей на шахте",
			"count": 100000,
			"subtype": 0,
			"typeint": 0,
			"award": 3000,
			"routeId": 98,
			"complexity": 1,
			"taskStatus": 1
		},
		{
			"id": 57,
			"type": "Рабочие",
			"text": "Заводчанин",
			"description": "Заработайте 100.000 рублей на заводе",
			"count": 100000,
			"subtype": 0,
			"typeint": 0,
			"award": 3000,
			"routeId": 98,
			"complexity": 1,
			"taskStatus": 1
		},
		{
			"id": 58,
			"type": "Рабочие",
			"text": "Шахтер",
			"description": "Заработайте 1.000.000 рублей на шахте",
			"count": 1000000,
			"subtype": 0,
			"typeint": 0,
			"award": 3000,
			"routeId": 98,
			"complexity": 1,
			"taskStatus": 1
		},
		{
			"id": 59,
			"type": "Рабочие",
			"text": "Заводчанин",
			"description": "Заработайте 1.000.000 рублей на заводе",
			"count": 1000000,
			"subtype": 0,
			"typeint": 0,
			"award": 3000,
			"routeId": 98,
			"complexity": 1,
			"taskStatus": 1
		},
		{
			"id": 60,
			"type": "Рабочие",
			"text": "ФСБшник",
			"description": "Устройтесь в ФСБ",
			"count": 3000,
			"subtype": 0,
			"typeint": 0,
			"award": 3000,
			"complexity": 1,
			"taskStatus": 1
		},
		{
			"id": 61,
			"type": "Рабочие",
			"text": "Армия",
			"description": "Устройтесь в армию",
			"count": 3000,
			"subtype": 0,
			"typeint": 0,
			"award": 3000,
			"routeId": 10,
			"complexity": 1,
			"taskStatus": 1
		},
		{
			"id": 62,
			"type": "Общие",
			"text": "На кубике - четыре",
			"description": "Сыграйте в казино-игру кости.",
			"count": 1,
			"subtype": 0,
			"typeint": 0,
			"award": 3000,
			"routeId": 49,
			"complexity": 1,
			"taskStatus": 0
		},
		{
			"id": 63,
			"type": "Общие",
			"text": "Двадцать одно",
			"description": "Выиграйте 3 ставки в казино",
			"count": 3,
			"subtype": 0,
			"typeint": 0,
			"award": 2000,
			"routeId": 49,
			"complexity": 0,
			"taskStatus": 1
		},
		{
			"id": 68,
			"type": "Общие",
			"text": "Боеготов",
			"description": "Купите оружие в магазине оружия (Как найти: /gps > Поиск ближайших мест > Найти ближайший магазин оружия).",
			"count": 1,
			"subtype": 0,
			"typeint": 0,
			"award": 2000,
			"routeId": 131,
			"complexity": 0,
			"taskStatus": 1
		},
		{
			"id": 96,
			"type": "Общие",
			"text": "Гласность народу",
			"description": "Подайте объявление в СМИ (/ad).",
			"count": 1,
			"subtype": 0,
			"typeint": 0,
			"award": 5000,
			"routeId": 32,
			"complexity": 2,
			"taskStatus": 1
		},
		{
			"id": 97,
			"type": "Общие",
			"text": "Куда без номеров?",
			"description": "Прокрутите номера в ГИБДД (Как найти: /gps - Государственные организации - ГИБДД).",
			"count": 1,
			"subtype": 0,
			"typeint": 0,
			"award": 5000,
			"routeId": 21,
			"complexity": 2,
			"taskStatus": 1
		},
		{
			"id": 99,
			"type": "Общие",
			"text": "Благотворительность",
			"description": "Пожертвуйте средства у больница г. Арзамас",
			"count": 1,
			"subtype": 0,
			"typeint": 0,
			"award": 2000,
			"routeId": 142,
			"complexity": 0,
			"taskStatus": 1
		},
		{
			"id": 100,
			"type": "Общие",
			"text": "Нужно с чего то начинать",
			"description": "Посетите автосалон (Как найти: /gps - Автосалоны - Автосалон).",
			"count": 1,
			"subtype": 0,
			"typeint": 0,
			"award": 2000,
			"routeId": 61,
			"complexity": 0,
			"taskStatus": 1
		},
		{
			"id": 101,
			"type": "Общие",
			"text": "Поднимаемся с колен",
			"description": "Посетите автосалон вертолетов (Как найти: /gps - Автосалоны - Автосалон вертолетов).",
			"count": 1,
			"subtype": 0,
			"typeint": 0,
			"award": 2000,
			"routeId": 62,
			"complexity": 0,
			"taskStatus": 1
		},
		{
			"id": 102,
			"type": "Общие",
			"text": "Почувствуй рев мотора",
			"description": "Посетите биржу обмена (Как найти: /gps - Автосалоны - Биржа обмена).",
			"count": 1,
			"subtype": 0,
			"typeint": 0,
			"award": 2000,
			"routeId": 63,
			"complexity": 0,
			"taskStatus": 1
		},
		{
			"id": 103,
			"type": "Общие",
			"text": "Железный конь",
			"description": "Посетите мотосалон (Как найти: /gps - Автосалоны - Мотосалон).",
			"count": 1,
			"subtype": 0,
			"typeint": 0,
			"award": 2000,
			"routeId": 65,
			"complexity": 0,
			"taskStatus": 1
		},
		{
			"id": 104,
			"type": "Общие",
			"text": "Краш тест",
			"description": "Купите любой автомобиль в автосалоне",
			"count": 1,
			"subtype": 0,
			"typeint": 0,
			"award": 2000,
			"routeId": 145,
			"complexity": 0,
			"taskStatus": 1
		},
		{
			"id": 105,
			"type": "Общие",
			"text": "Мечтать не вредно",
			"description": "Посетите авторынок (Как найти: /gps - Автосалоны - Авторынок).",
			"count": 1,
			"subtype": 0,
			"typeint": 0,
			"award": 2000,
			"routeId": 66,
			"complexity": 0,
			"taskStatus": 1
		},
		{
			"id": 106,
			"type": "Общие",
			"text": "На черный день",
			"description": "Купите канистру с бензином в любой АЗС (Как найти: /gps - Ближайшие места - Найдите ближайшую АЗС).",
			"count": 1,
			"subtype": 0,
			"typeint": 0,
			"award": 2000,
			"routeId": 126,
			"complexity": 0,
			"taskStatus": 1
		},
		{
			"id": 108,
			"type": "Общие",
			"text": "С ветерком!",
			"description": "Арендуйте скутер",
			"count": 1,
			"subtype": 0,
			"typeint": 0,
			"award": 2000,
			"routeId": 143,
			"complexity": 0,
			"taskStatus": 1
		},
		{
			"id": 110,
			"type": "Общие",
			"text": "Полный бак",
			"description": "Заправьте личный транспорт (Как найти: /gps - Ближайшие места - Найдите ближайшую АЗС).",
			"count": 1,
			"subtype": 0,
			"typeint": 0,
			"award": 3000,
			"routeId": 126,
			"complexity": 1,
			"taskStatus": 1
		},
		{
			"id": 111,
			"type": "Общие",
			"text": "Здоров как бык",
			"description": "Вылечитесь в больнице (Как найти: /gps - Государственные организации - Больница).",
			"count": 1,
			"subtype": 0,
			"typeint": 0,
			"award": 2000,
			"routeId": 141,
			"complexity": 0,
			"taskStatus": 1
		},
		{
			"id": 120,
			"type": "Рабочие",
			"text": "Бандит",
			"description": "Устройтесь в ФК ЦСКА",
			"count": 10,
			"subtype": 0,
			"typeint": 0,
			"award": 5000,
			"complexity": 2,
			"taskStatus": 1
		},
		{
			"id": 121,
			"type": "Общие",
			"text": "Покушать бы",
			"description": "Купите что нибудь перекусить.",
			"count": 1,
			"subtype": 0,
			"typeint": 0,
			"award": 2000,
			"routeId": 129,
			"complexity": 0,
			"taskStatus": 1
		},
		{
			"id": 124,
			"type": "Общие",
			"text": "Модный",
			"description": "Наденьте любой аксессуар.",
			"count": 1,
			"subtype": 0,
			"typeint": 0,
			"award": 2000,
			"complexity": 0,
			"taskStatus": 1
		},
		{
			"id": 125,
			"type": "Рабочие",
			"text": "Бандит",
			"description": "Устройтесь в ФК Спартак",
			"count": 30,
			"subtype": 7,
			"typeint": 0,
			"award": 5000,
			"routeId": 19,
			"complexity": 2,
			"taskStatus": 1
		},
		{
			"id": 126,
			"type": "Общие",
			"text": "Убийца",
			"description": "Убейте 5 игроков в компьютерном клубе (/gps > Развлечения)",
			"count": 15,
			"subtype": 7,
			"typeint": 0,
			"award": 5000,
			"routeId": 19,
			"complexity": 2,
			"taskStatus": 1
		},
		{
			"id": 127,
			"type": "Рабочие",
			"text": "Медик",
			"description": "Устройтесь в больницу г. Арзамас",
			"count": 1,
			"subtype": 7,
			"typeint": 0,
			"award": 3000,
			"routeId": 19,
			"complexity": 1,
			"taskStatus": 1
		},
		{
			"id": 129,
			"type": "Рабочие",
			"text": "Командная работа",
			"description": "Успешно завершить 1 вызова с напарником в инкассаторах.",
			"count": 1,
			"subtype": 7,
			"typeint": 0,
			"award": 5000,
			"routeId": 19,
			"complexity": 2,
			"taskStatus": 1
		},
		{
			"id": 130,
			"type": "Рабочие",
			"text": "Автомеханик",
			"description": "Почините 1 автомобиль на работе автомеханика",
			"count": 1,
			"subtype": 7,
			"typeint": 0,
			"award": 3000,
			"routeId": 19,
			"complexity": 1,
			"taskStatus": 1
		},
		{
			"id": 131,
			"type": "Рабочие",
			"text": "Автомеханик",
			"description": "Почините 5 автомобилей на работе автомеханика",
			"count": 5,
			"subtype": 7,
			"typeint": 0,
			"award": 5000,
			"routeId": 19,
			"complexity": 2,
			"taskStatus": 1
		},
		{
			"id": 133,
			"type": "Рабочие",
			"text": "Новичок тоже не плох ",
			"description": "Почините 7 автомобилей на работе автомеханика",
			"count": 1,
			"subtype": 7,
			"typeint": 0,
			"award": 2000,
			"routeId": 19,
			"complexity": 0,
			"taskStatus": 1
		},
		{
			"id": 134,
			"type": "Рабочие",
			"text": "Работает любитель",
			"description": "Почините 10 автомобилей на работе автомеханика",
			"count": 1,
			"subtype": 7,
			"typeint": 0,
			"award": 3000,
			"routeId": 19,
			"complexity": 1,
			"taskStatus": 1
		},
		{
			"id": 135,
			"type": "Рабочие",
			"text": "Работает профессионал",
			"description": "Почините 12 автомобилей на работе автомеханика",
			"count": 1,
			"subtype": 7,
			"typeint": 0,
			"award": 5000,
			"routeId": 19,
			"complexity": 2,
			"taskStatus": 1
		},
		{
			"id": 141,
			"type": "Рабочие",
			"text": "В строю!",
			"description": "Устройтесь в СМИ",
			"count": 1,
			"subtype": 7,
			"typeint": 0,
			"award": 2000,
			"routeId": 19,
			"complexity": 0,
			"taskStatus": 1
		},
		{
			"id": 142,
			"type": "Рабочие",
			"text": "Опытный корреспондент",
			"description": "Одобрите 1 объявление в СМИ",
			"count": 1,
			"subtype": 7,
			"typeint": 0,
			"award": 3000,
			"routeId": 19,
			"complexity": 1,
			"taskStatus": 1
		},
		{
			"id": 143,
			"type": "Общие",
			"text": "Дружелюбный",
			"description": "Поздоровайтесь с 1 игроками (/hi)",
			"count": 1,
			"subtype": 0,
			"typeint": 0,
			"award": 2000,
			"complexity": 0,
			"taskStatus": 1
		},
		{
			"id": 146,
			"type": "Общие",
			"text": "Полный бак",
			"description": "Заправьте автомобиль при помощи канистры с бензином",
			"count": 1,
			"subtype": 0,
			"typeint": 0,
			"award": 2000,
			"complexity": 0,
			"taskStatus": 1
		},
		{
			"id": 147,
			"type": "Общие",
			"text": "Я здоров",
			"description": "Используйте аптечку",
			"count": 1,
			"subtype": 0,
			"typeint": 0,
			"award": 2000,
			"complexity": 0,
			"taskStatus": 1
		},
		{
			"id": 148,
			"type": "Общие",
			"text": "Романтик",
			"description": "Купите 2 букета цветов в магазине 24/7",
			"count": 1,
			"subtype": 0,
			"typeint": 0,
			"award": 3000,
			"complexity": 1,
			"taskStatus": 1
		},
		{
			"id": 149,
			"type": "Общие",
			"text": "Я здоров",
			"description": "Купите аптечку в магазине 24/7",
			"count": 1,
			"subtype": 0,
			"typeint": 0,
			"award": 2000,
			"routeId": 128,
			"complexity": 0,
			"taskStatus": 1
		},
		{
			"id": 150,
			"type": "Общие",
			"text": "Шумахер",
			"description": "Разогнаться до скорости 150 км/ч на любом автомобиле находясь за рулем",
			"count": 1,
			"subtype": 0,
			"typeint": 1,
			"award": 3000,
			"complexity": 1,
			"taskStatus": 1
		},
		{
			"id": 151,
			"type": "Общие",
			"text": "Железный конь",
			"description": "Набрать 100 км/ч на любом мотоцикле",
			"count": 1,
			"subtype": 0,
			"typeint": 1,
			"award": 3000,
			"complexity": 1,
			"taskStatus": 1
		},
		{
			"id": 152,
			"type": "Общие",
			"text": "Инкогнито",
			"description": "Наденьте маску на лицо",
			"count": 1,
			"subtype": 0,
			"typeint": 0,
			"award": 2000,
			"complexity": 0,
			"taskStatus": 1
		},
		{
			"id": 154,
			"type": "Общие",
			"text": "Я на связи",
			"description": "Пополните счёт телефона в отделении банка или банкомате (Как найти: /gps > Поиск ближайших мест > Найти ближайший банкомат).",
			"count": 1,
			"subtype": 0,
			"typeint": 0,
			"award": 2000,
			"routeId": 134,
			"complexity": 0,
			"taskStatus": 1
		},
		{
			"id": 155,
			"type": "Общие",
			"text": "Исследователь",
			"description": "Посетите Арзамас",
			"count": 1,
			"subtype": 0,
			"typeint": 0,
			"award": 2000,
			"routeId": 73,
			"complexity": 0,
			"taskStatus": 1
		},
		{
			"id": 156,
			"type": "Общие",
			"text": "Исследователь",
			"description": "Посетите Рублевку",
			"count": 1,
			"subtype": 0,
			"typeint": 0,
			"award": 2000,
			"routeId": 74,
			"complexity": 0,
			"taskStatus": 1
		},
		{
			"id": 157,
			"type": "Общие",
			"text": "Исследователь",
			"description": "Посетите Лыткарино",
			"count": 1,
			"subtype": 0,
			"typeint": 0,
			"award": 2000,
			"routeId": 77,
			"complexity": 0,
			"taskStatus": 1
		},
		{
			"id": 158,
			"type": "Общие",
			"text": "Исследователь",
			"description": "Посетите Южный",
			"count": 1,
			"subtype": 0,
			"typeint": 0,
			"award": 2000,
			"routeId": 72,
			"complexity": 0,
			"taskStatus": 1
		},
		{
			"id": 159,
			"type": "Общие",
			"text": "Ежедневные покупки",
			"description": "Посетите магазин 24/7 (Как найти: /gps > Найти ближайший магазин 24/7).",
			"count": 1,
			"subtype": 0,
			"typeint": 0,
			"award": 2000,
			"routeId": 128,
			"complexity": 0,
			"taskStatus": 1
		},
		{
			"id": 168,
			"type": "Общие",
			"text": "Испытай удачу",
			"description": "Посетите офис транспортной компании (Как найти: /gps > Транспортные компании).",
			"count": 1,
			"subtype": 0,
			"typeint": 0,
			"award": 2000,
			"routeId": 144,
			"complexity": 0,
			"taskStatus": 1
		},
		{
			"id": 169,
			"type": "Общие",
			"text": "Заводские будни",
			"description": "Начните рабочий день на заводе (Как найти: /gps > Работы для новичков > Завод).",
			"count": 1,
			"subtype": 0,
			"typeint": 0,
			"award": 2000,
			"routeId": 10,
			"complexity": 0,
			"taskStatus": 1
		},
		{
			"id": 171,
			"type": "Общие",
			"text": "По маршруту",
			"description": "Начните рабочий день автомеханика (Как найти: /gps > Работы > Автомеханик).",
			"count": 1,
			"subtype": 2,
			"typeint": 7,
			"award": 2000,
			"routeId": 1,
			"complexity": 0,
			"taskStatus": 1
		},
		{
			"id": 176,
			"type": "Общие",
			"text": "Время",
			"description": "Купите Часы в 24/7 (Как найти: /gps > Поиск ближайших мест > Найти ближайший магазин 24/7).",
			"count": 1,
			"subtype": 0,
			"typeint": 0,
			"award": 3000,
			"routeId": 128,
			"complexity": 1,
			"taskStatus": 1
		},
		{
			"id": 177,
			"type": "Общие",
			"text": "Социальные сети",
			"description": "Купите доступ в интернет в Магазине 24/7",
			"count": 1,
			"subtype": 4,
			"typeint": 7,
			"award": 3000,
			"routeId": 15,
			"complexity": 1,
			"taskStatus": 1
		},
		{
			"id": 178,
			"type": "Общие",
			"text": "Почти гений",
			"description": "Выиграйте 7 ставок в казино",
			"count": 7,
			"subtype": 4,
			"typeint": 7,
			"award": 5000,
			"routeId": 15,
			"complexity": 2,
			"taskStatus": 1
		},
		{
			"id": 179,
			"type": "Общие",
			"text": "Добытчик",
			"description": "Выполните 3 заказа в транспортной компании",
			"count": 3,
			"subtype": 5,
			"typeint": 7,
			"award": 2000,
			"routeId": 16,
			"complexity": 0,
			"taskStatus": 1
		},
		{
			"id": 180,
			"type": "Общие",
			"text": "Дальнобойщик",
			"description": "Выполните 5 заказов в транспортной компании",
			"count": 5,
			"subtype": 5,
			"typeint": 7,
			"award": 3000,
			"routeId": 16,
			"complexity": 1,
			"taskStatus": 1
		},
		{
			"id": 182,
			"type": "Общие",
			"text": "Опытный водитель",
			"description": "Выполните 7 заказ в транспортной компании",
			"count": 7,
			"subtype": 5,
			"typeint": 7,
			"award": 3000,
			"routeId": 16,
			"complexity": 1,
			"taskStatus": 1
		},
		{
			"id": 237,
			"type": "Рабочие",
			"text": "Начало долгого пути",
			"description": "Вступить в одну из транспортных компаний (Как найти: /gps > Транспортные компании)",
			"count": 1,
			"subtype": 1,
			"typeint": 7,
			"award": 3000,
			"routeId": 144,
			"complexity": 1,
			"taskStatus": 1
		},
		{
			"id": 238,
			"type": "Рабочие",
			"text": "Первый груз",
			"description": "Взять заказ в транспортной компании",
			"count": 1,
			"subtype": 1,
			"typeint": 7,
			"award": 3000,
			"routeId": 144,
			"complexity": 1,
			"taskStatus": 1
		},
		{
			"id": 239,
			"type": "Рабочие",
			"text": "Выгодная сделка",
			"description": "Доставить заказ работая в транспортной компании",
			"count": 1,
			"subtype": 1,
			"typeint": 7,
			"award": 3000,
			"routeId": 144,
			"complexity": 1,
			"taskStatus": 1
		},
		{
			"id": 240,
			"type": "Рабочие",
			"text": "Большой груз",
			"description": "Выполните 15 заказов в транспортной компании",
			"count": 15,
			"subtype": 1,
			"typeint": 7,
			"award": 3000,
			"routeId": 144,
			"complexity": 1,
			"taskStatus": 1
		},
		{
			"id": 241,
			"type": "Рабочие",
			"text": "Ювелирная доставка",
			"description": "Выполните 20 заказов в транспортной компании",
			"count": 20,
			"subtype": 1,
			"typeint": 7,
			"award": 5000,
			"routeId": 144,
			"complexity": 2,
			"taskStatus": 1
		},
		{
			"id": 249,
			"type": "Общие",
			"text": "Курильщик",
			"description": "Купите сигареты в магазине 24/7 (Как найти: /gps > Ближайшие места)",
			"count": 1,
			"subtype": 0,
			"typeint": 0,
			"award": 2000,
			"routeId": 133,
			"complexity": 0,
			"taskStatus": 1
		},
		{
			"id": 250,
			"type": "Общие",
			"text": "Будни шахтера",
			"description": "Начните рабочий день на шахте (Как найти: /gps > Работы для новичков > Шахта).",
			"count": 1,
			"subtype": 0,
			"typeint": 0,
			"award": 2000,
			"routeId": 9,
			"complexity": 0,
			"taskStatus": 1
		},
		{
			"id": 251,
			"type": "Общие",
			"text": "Будни заводчанина",
			"description": "Начните рабочий день на заводе (Как найти: /gps > Работы для новичков > Завод).",
			"count": 1,
			"subtype": 0,
			"typeint": 0,
			"award": 2000,
			"routeId": 98,
			"complexity": 0,
			"taskStatus": 1
		},
		{
			"id": 252,
			"type": "Общие",
			"text": "Мэр",
			"description": "Устройтесь в Администрацию г. Арзамас",
			"count": 1,
			"subtype": 0,
			"typeint": 0,
			"award": 2000,
			"routeId": 13,
			"complexity": 0,
			"taskStatus": 1
		}
	]
}