[{"online":"700","maxonline":"700","color":"e51e1e","x2":"true","key":"1424","name":"KING RUSSIA","firstname":"RED","secondname":"","url":"red.kingrussia.com","ip":"51.91.91.127","port":"7777"},{"online":"650","maxonline":"700","color":"1ee524","x2":"true","key":"1424","name":"KING RUSSIA","firstname":"GREEN","secondname":"","url":"green.kingrussia.com","ip":"51.91.91.127","port":"7777"},{"online":"650","maxonline":"700","color":"3936ff","x2":"true","key":"1424","name":"KING RUSSIA","firstname":"BLUE","secondname":"","url":"green.kingrussia.com","ip":"51.91.91.127","port":"7777"},{"online":"0","maxonline":"700","color":"121212","x2":"false","key":"1424","name":"KING RUSSIA","firstname":"TEST","secondname":"","url":"green.kingrussia.com","ip":"51.91.91.127","port":"7777"}]