[
	{
	  "title": "Новый сервер!",
	  "text": "Открытие 3 сервера BLUE уже в эту субботу в 15:00 по МСК!",
	  "image": "https://cdn.advens.cloud/_/4a0b65f6bc0530466038bc71184ab00b/news_img/blueopen.jpg",
	  "link": "https://t.me/crmpking/126"
	},
	{
	  "title": "Новая BMW",
	  "text": "Новая BMW M4 G82 в ближайшем обновлении! Поставь реакцию на пост!",
	  "image": "https://cdn.advens.cloud/_/4a0b65f6bc0530466038bc71184ab00b/news_img/m4.jpg",
	  "link": "https://t.me/crmpking/113"
	},
	{
	  "title": "Дата открытия!",
	  "text": "Дата открытия нашего проекта состоится уже 21.07.2024 в 17:00 по МСК!",
	  "image": "https://cdn.advens.cloud/_/4a0b65f6bc0530466038bc71184ab00b/news_img/open.jpg",
	  "link": "https://t.me/crmpking/19"
	}
]