{
	"StandartLevel": [
		{
			"id": 1,
			"name": "VIP GOLD НА 8Ч.",
			"typeId": 19,
			"awardId": 1,
			"count": 8,
			"typeReward": 0
		},
		{
			"id": 2,
			"name": "5000 Р",
			"typeId": 1,
			"awardId": 0,
			"count": 5000,
			"typeReward": 0
		},
		{
			"id": 3,
			"name": "5 BC",
			"typeId": 3,
			"awardId": 0,
			"count": 5,
			"typeReward": 0
		},
		{
			"id": 4,
			"name": "Audi A4 НА 12Ч.",
			"name_store": "Aura 4 НА 12Ч.",
			"typeId": 2,
			"awardId": 507,
			"count": 12,
			"typeReward": 0
		},
		{
			"id": 5,
			"name": "ЕЖЕДНЕВНЫЙ КЕЙС X1",
			"typeId": 6,
			"awardId": 1,
			"count": 1,
			"typeReward": 0
		},
		{
			"id": 6,
			"name": "VIP SILVER НА 2Ч.",
			"typeId": 19,
			"awardId": 0,
			"count": 2,
			"typeReward": 0
		},
		{
			"id": 7,
			"name": "5000 Р",
			"typeId": 1,
			"awardId": 0,
			"count": 5000,
			"typeReward": 0
		},
		{
			"id": 8,
			"name": "5 BC",
			"typeId": 3,
			"awardId": 0,
			"count": 5,
			"typeReward": 0
		},
		{
			"id": 9,
			"name": "X2 КУПОН НА 24Ч.",
			"typeId": 18,
			"awardId": 0,
			"count": 24,
			"typeReward": 0
		},
		{
			"id": 10,
			"name": "Маска кузнеца",
			"typeId": 5,
			"awardId": 14672,
			"count": 722,
			"typeReward": 1
		},
		{
			"id": 11,
			"name": "VIP SILVER НА 2Ч.",
			"typeId": 19,
			"awardId": 0,
			"count": 2,
			"typeReward": 0
		},
		{
			"id": 12,
			"name": "5000 Р",
			"typeId": 1,
			"awardId": 0,
			"count": 5000,
			"typeReward": 0
		},
		{
			"id": 13,
			"name": "5 EXP",
			"typeId": 0,
			"awardId": 0,
			"count": 5,
			"typeReward": 0
		},
		{
			"id": 14,
			"name": "Acura TSX НА 12Ч.",
			"name_store": "TSX НА 12Ч.",
			"typeId": 2,
			"awardId": 445,
			"count": 12,
			"typeReward": 0
		},
		{
			"id": 15,
			"name": "ЕЖЕДНЕВНЫЙ КЕЙС X1",
			"typeId": 6,
			"awardId": 1,
			"count": 1,
			"typeReward": 0
		},
		{
			"id": 16,
			"name": "VIP SILVER НА 2Ч.",
			"typeId": 19,
			"awardId": 0,
			"count": 2,
			"typeReward": 0
		},
		{
			"id": 17,
			"name": "5000 Р",
			"typeId": 1,
			"awardId": 0,
			"count": 5000,
			"typeReward": 0
		},
		{
			"id": 18,
			"name": "5 BC",
			"typeId": 3,
			"awardId": 0,
			"count": 5,
			"typeReward": 0
		},
		{
			"id": 19,
			"name": "X2 КУПОН НА 24Ч.",
			"typeId": 18,
			"awardId": 0,
			"count": 24,
			"typeReward": 0
		},
		{
			"id": 20,
			"name": "Свиток за спину",
			"typeId": 5,
			"awardId": 4785,
			"count": 711,
			"typeReward": 1
		},
		{
			"id": 21,
			"name": "VIP SILVER НА 2Ч.",
			"typeId": 19,
			"awardId": 0,
			"count": 2,
			"typeReward": 0
		},
		{
			"id": 22,
			"name": "5000 Р",
			"typeId": 1,
			"awardId": 0,
			"count": 5000,
			"typeReward": 0
		},
		{
			"id": 23,
			"name": "5 EXP",
			"typeId": 0,
			"awardId": 0,
			"count": 5,
			"typeReward": 0
		},
		{
			"id": 24,
			"name": "Стиль Palm Beach НА 6Ч.",
			"typeId": 10,
			"awardId": 13817,
			"count": 6,
			"typeReward": 0
		},
		{
			"id": 25,
			"name": "ЕЖЕДНЕВНЫЙ КЕЙС X1",
			"typeId": 6,
			"awardId": 1,
			"count": 1,
			"typeReward": 0
		},
		{
			"id": 26,
			"name": "VIP SILVER НА 2Ч.",
			"typeId": 19,
			"awardId": 0,
			"count": 2,
			"typeReward": 0
		},
		{
			"id": 27,
			"name": "5000 Р",
			"typeId": 1,
			"awardId": 0,
			"count": 5000,
			"typeReward": 0
		},
		{
			"id": 28,
			"name": "5 BC",
			"typeId": 3,
			"awardId": 0,
			"count": 5,
			"typeReward": 0
		},
		{
			"id": 29,
			"name": "X2 КУПОН НА 24Ч.",
			"typeId": 18,
			"awardId": 0,
			"count": 24,
			"typeReward": 0
		},
		{
			"id": 30,
			"name": "Король Пиратов",
			"typeId": 7,
			"awardId": 6831,
			"count": 0,
			"typeReward": 1
		},
		{
			"id": 31,
			"name": "VIP SILVER НА 2Ч.",
			"typeId": 19,
			"awardId": 0,
			"count": 2,
			"typeReward": 0
		},
		{
			"id": 32,
			"name": "7500 Р",
			"typeId": 1,
			"awardId": 0,
			"count": 7500,
			"typeReward": 0
		},
		{
			"id": 33,
			"name": "10 EXP",
			"typeId": 0,
			"awardId": 0,
			"count": 10,
			"typeReward": 0
		},
		{
			"id": 34,
			"name": "Xpeng P7 НА 12Ч.",
			"name_store": "China Car P7 НА 12Ч.",
			"typeId": 2,
			"awardId": 2621,
			"count": 12,
			"typeReward": 0
		},
		{
			"id": 35,
			"name": "КЕЙС БОМЖА X1",
			"typeId": 6,
			"awardId": 2,
			"count": 1,
			"typeReward": 0
		},
		{
			"id": 36,
			"name": "VIP SILVER НА 2Ч.",
			"typeId": 19,
			"awardId": 0,
			"count": 2,
			"typeReward": 0
		},
		{
			"id": 37,
			"name": "7500 Р",
			"typeId": 1,
			"awardId": 0,
			"count": 7500,
			"typeReward": 0
		},
		{
			"id": 38,
			"name": "5 BC",
			"typeId": 3,
			"awardId": 0,
			"count": 5,
			"typeReward": 0
		},
		{
			"id": 39,
			"name": "X2 КУПОН НА 24Ч.",
			"typeId": 18,
			"awardId": 0,
			"count": 24,
			"typeReward": 0
		},
		{
			"id": 40,
			"name": "Школьный ранец",
			"typeId": 5,
			"awardId": 4795,
			"count": 721,
			"typeReward": 1
		},
		{
			"id": 41,
			"name": "VIP GOLD НА 2Ч.",
			"typeId": 19,
			"awardId": 1,
			"count": 2,
			"typeReward": 0
		},
		{
			"id": 42,
			"name": "7500 Р",
			"typeId": 1,
			"awardId": 0,
			"count": 7500,
			"typeReward": 0
		},
		{
			"id": 43,
			"name": "10 EXP",
			"typeId": 0,
			"awardId": 0,
			"count": 10,
			"typeReward": 0
		},
		{
			"id": 44,
			"name": "Infiniti FX50S НА 12Ч.",
			"name_store": "Trinity XF50 НА 12Ч.",
			"typeId": 2,
			"awardId": 2625,
			"count": 12,
			"typeReward": 0
		},
		{
			"id": 45,
			"name": "КЕЙС БОМЖА X1",
			"typeId": 6,
			"awardId": 2,
			"count": 1,
			"typeReward": 0
		},
		{
			"id": 46,
			"name": "VIP GOLD НА 2Ч.",
			"typeId": 19,
			"awardId": 1,
			"count": 2,
			"typeReward": 0
		},
		{
			"id": 47,
			"name": "7500 Р",
			"typeId": 1,
			"awardId": 0,
			"count": 7500,
			"typeReward": 0
		},
		{
			"id": 48,
			"name": "10 BC",
			"typeId": 3,
			"awardId": 0,
			"count": 10,
			"typeReward": 0
		},
		{
			"id": 49,
			"name": "X2 КУПОН НА 24Ч.",
			"typeId": 18,
			"awardId": 0,
			"count": 24,
			"typeReward": 0
		},
		{
			"id": 50,
			"name": "Модный Ниндзя",
			"typeId": 7,
			"awardId": 6828,
			"count": 0,
			"typeReward": 1
		},
		{
			"id": 51,
			"name": "VIP GOLD НА 2Ч.",
			"typeId": 19,
			"awardId": 1,
			"count": 2,
			"typeReward": 0
		},
		{
			"id": 52,
			"name": "10000 Р",
			"typeId": 1,
			"awardId": 0,
			"count": 10000,
			"typeReward": 0
		},
		{
			"id": 53,
			"name": "10 EXP",
			"typeId": 0,
			"awardId": 0,
			"count": 10,
			"typeReward": 0
		},
		{
			"id": 54,
			"name": "Стильная Military НА 6Ч.",
			"typeId": 10,
			"awardId": 13824,
			"count": 6,
			"typeReward": 0
		},
		{
			"id": 55,
			"name": "КЕЙС БОМЖА X1",
			"typeId": 6,
			"awardId": 2,
			"count": 1,
			"typeReward": 0
		},
		{
			"id": 56,
			"name": "VIP GOLD НА 2Ч.",
			"typeId": 19,
			"awardId": 1,
			"count": 2,
			"typeReward": 0
		},
		{
			"id": 57,
			"name": "10000 Р",
			"typeId": 1,
			"awardId": 0,
			"count": 10000,
			"typeReward": 0
		},
		{
			"id": 58,
			"name": "10 BC",
			"typeId": 3,
			"awardId": 0,
			"count": 10,
			"typeReward": 0
		},
		{
			"id": 59,
			"name": "X2 КУПОН НА 24Ч.",
			"typeId": 18,
			"awardId": 0,
			"count": 24,
			"typeReward": 0
		},
		{
			"id": 60,
			"name": "Шляпа пирата",
			"typeId": 5,
			"awardId": 4794,
			"count": 720,
			"typeReward": 1
		},
		{
			"id": 61,
			"name": "VIP GOLD НА 2Ч.",
			"typeId": 19,
			"awardId": 1,
			"count": 2,
			"typeReward": 0
		},
		{
			"id": 62,
			"name": "10000 Р",
			"typeId": 1,
			"awardId": 0,
			"count": 10000,
			"typeReward": 0
		},
		{
			"id": 63,
			"name": "10 EXP",
			"typeId": 0,
			"awardId": 0,
			"count": 10,
			"typeReward": 0
		},
		{
			"id": 64,
			"name": "Ducati XDiavel S НА 12Ч.",
			"name_store": "Moto Diavel НА 12Ч.",
			"typeId": 2,
			"awardId": 463,
			"count": 12,
			"typeReward": 0
		},
		{
			"id": 65,
			"name": "Черный Меч",
			"typeId": 5,
			"awardId": 4787,
			"count": 713,
			"typeReward": 1
		},
		{
			"id": 66,
			"name": "VIP PLATINUM НА 2Ч.",
			"typeId": 19,
			"awardId": 2,
			"count": 2,
			"typeReward": 0
		},
		{
			"id": 67,
			"name": "10000 Р",
			"typeId": 1,
			"awardId": 0,
			"count": 10000,
			"typeReward": 0
		},
		{
			"id": 68,
			"name": "10 BC",
			"typeId": 3,
			"awardId": 0,
			"count": 10,
			"typeReward": 0
		},
		{
			"id": 69,
			"name": "X2 КУПОН НА 24Ч.",
			"typeId": 18,
			"awardId": 0,
			"count": 24,
			"typeReward": 0
		},
		{
			"id": 70,
			"name": "Nissan Skyline R32",
			"name_store": "Sunliner 32",
			"typeId": 8,
			"awardId": 674,
			"count": 0,
			"typeReward": 1
		},
		{
			"id": 71,
			"name": "VIP PLATINUM НА 2Ч.",
			"typeId": 19,
			"awardId": 2,
			"count": 2,
			"typeReward": 0
		},
		{
			"id": 72,
			"name": "10000 Р",
			"typeId": 1,
			"awardId": 0,
			"count": 10000,
			"typeReward": 0
		},
		{
			"id": 73,
			"name": "10 BC",
			"typeId": 3,
			"awardId": 0,
			"count": 10,
			"typeReward": 0
		},
		{
			"id": 74,
			"name": "10 EXP",
			"typeId": 0,
			"awardId": 0,
			"count": 10,
			"typeReward": 0
		},
		{
			"id": 75,
			"name": "5000 Р",
			"typeId": 1,
			"awardId": 0,
			"count": 5000,
			"typeReward": 0
		}
	],
	"PremiumLevel": [
		{
			"id": 1,
			"name": "40 BC",
			"typeId": 3,
			"awardId": 0,
			"count": 40,
			"typeReward": 0
		},
		{
			"id": 2,
			"name": "15000 Р",
			"typeId": 1,
			"awardId": 0,
			"count": 15000,
			"typeReward": 0
		},
		{
			"id": 3,
			"name": "10 BC",
			"typeId": 3,
			"awardId": 0,
			"count": 10,
			"typeReward": 0
		},
		{
			"id": 4,
			"name": "Chevrolet Camaro НА 24Ч.",
			"name_store": "Comaric НА 24Ч.",
			"typeId": 2,
			"awardId": 543,
			"count": 24,
			"typeReward": 0
		},
		{
			"id": 5,
			"name": "Загадочный сундук",
			"typeId": 5,
			"awardId": 4793,
			"count": 719,
			"typeReward": 1
		},
		{
			"id": 6,
			"name": "VIP GOLD НА 2Ч.",
			"typeId": 19,
			"awardId": 1,
			"count": 2,
			"typeReward": 0
		},
		{
			"id": 7,
			"name": "15000 Р",
			"typeId": 1,
			"awardId": 0,
			"count": 15000,
			"typeReward": 0
		},
		{
			"id": 8,
			"name": "10 BC",
			"typeId": 3,
			"awardId": 0,
			"count": 10,
			"typeReward": 0
		},
		{
			"id": 9,
			"name": "КЕЙС БОМЖА X1",
			"typeId": 6,
			"awardId": 2,
			"count": 1,
			"typeReward": 0
		},
		{
			"id": 10,
			"name": "Acura NSX 2023",
			"name_store": "NSSIX",
			"typeId": 8,
			"awardId": 670,
			"count": 0,
			"typeReward": 1
		},
		{
			"id": 11,
			"name": "VIP GOLD НА 2Ч.",
			"typeId": 19,
			"awardId": 1,
			"count": 2,
			"typeReward": 0
		},
		{
			"id": 12,
			"name": "15000 Р",
			"typeId": 1,
			"awardId": 0,
			"count": 15000,
			"typeReward": 0
		},
		{
			"id": 13,
			"name": "10 BC",
			"typeId": 3,
			"awardId": 0,
			"count": 10,
			"typeReward": 0
		},
		{
			"id": 14,
			"name": "Audi RS7 Sport НА 24Ч.",
			"name_store": "Aura Road 7 Sport НА 24Ч.",
			"typeId": 2,
			"awardId": 2545,
			"count": 24,
			"typeReward": 0
		},
		{
			"id": 15,
			"name": "Охотник на Демонов",
			"typeId": 7,
			"awardId": 6829,
			"count": 0,
			"typeReward": 1
		},
		{
			"id": 16,
			"name": "VIP GOLD НА 2Ч.",
			"typeId": 19,
			"awardId": 1,
			"count": 2,
			"typeReward": 0
		},
		{
			"id": 17,
			"name": "15000 Р",
			"typeId": 1,
			"awardId": 0,
			"count": 15000,
			"typeReward": 0
		},
		{
			"id": 18,
			"name": "10 BC",
			"typeId": 3,
			"awardId": 0,
			"count": 10,
			"typeReward": 0
		},
		{
			"id": 19,
			"name": "ЕЖЕДНЕВНЫЙ КЕЙС X1",
			"typeId": 6,
			"awardId": 1,
			"count": 1,
			"typeReward": 0
		},
		{
			"id": 20,
			"name": "Гигантская фляга",
			"typeId": 5,
			"awardId": 4789,
			"count": 715,
			"typeReward": 1
		},
		{
			"id": 21,
			"name": "VIP GOLD НА 2Ч.",
			"typeId": 19,
			"awardId": 1,
			"count": 2,
			"typeReward": 0
		},
		{
			"id": 22,
			"name": "15000 Р",
			"typeId": 1,
			"awardId": 0,
			"count": 15000,
			"typeReward": 0
		},
		{
			"id": 23,
			"name": "10 BC",
			"typeId": 3,
			"awardId": 0,
			"count": 10,
			"typeReward": 0
		},
		{
			"id": 24,
			"name": "Ferrari 488 Pista НА 24Ч.",
			"name_store": "488 Pizza НА 24Ч.",
			"typeId": 2,
			"awardId": 2619,
			"count": 24,
			"typeReward": 0
		},
		{
			"id": 25,
			"name": "Белый цветок",
			"typeId": 7,
			"awardId": 6825,
			"count": 0,
			"typeReward": 1
		},
		{
			"id": 26,
			"name": "VIP GOLD НА 2Ч.",
			"typeId": 19,
			"awardId": 1,
			"count": 2,
			"typeReward": 0
		},
		{
			"id": 27,
			"name": "15000 Р",
			"typeId": 1,
			"awardId": 0,
			"count": 15000,
			"typeReward": 0
		},
		{
			"id": 28,
			"name": "10 BC",
			"typeId": 3,
			"awardId": 0,
			"count": 10,
			"typeReward": 0
		},
		{
			"id": 29,
			"name": "КЕЙС БОМЖА X1",
			"typeId": 6,
			"awardId": 2,
			"count": 1,
			"typeReward": 0
		},
		{
			"id": 30,
			"name": "Mazda MX5 Miata",
			"name_store": "MX5 Medgalia",
			"typeId": 8,
			"awardId": 672,
			"count": 0,
			"typeReward": 1
		},
		{
			"id": 31,
			"name": "VIP GOLD НА 2Ч.",
			"typeId": 19,
			"awardId": 1,
			"count": 2,
			"typeReward": 0
		},
		{
			"id": 32,
			"name": "20000 Р",
			"typeId": 1,
			"awardId": 0,
			"count": 20000,
			"typeReward": 0
		},
		{
			"id": 33,
			"name": "10 BC",
			"typeId": 3,
			"awardId": 0,
			"count": 10,
			"typeReward": 0
		},
		{
			"id": 34,
			"name": "Lamborghini Urus НА 24Ч.",
			"name_store": "Lumus НА 24Ч.",
			"typeId": 2,
			"awardId": 2551,
			"count": 24,
			"typeReward": 0
		},
		{
			"id": 35,
			"name": "Вишенка",
			"typeId": 7,
			"awardId": 6827,
			"count": 0,
			"typeReward": 1
		},
		{
			"id": 36,
			"name": "VIP GOLD НА 2Ч.",
			"typeId": 19,
			"awardId": 1,
			"count": 2,
			"typeReward": 0
		},
		{
			"id": 37,
			"name": "20000 Р",
			"typeId": 1,
			"awardId": 0,
			"count": 20000,
			"typeReward": 0
		},
		{
			"id": 38,
			"name": "10 BC",
			"typeId": 3,
			"awardId": 0,
			"count": 10,
			"typeReward": 0
		},
		{
			"id": 39,
			"name": "КЕЙС БОМЖА X1",
			"typeId": 6,
			"awardId": 2,
			"count": 1,
			"typeReward": 0
		},
		{
			"id": 40,
			"name": "Джованни",
			"typeId": 7,
			"awardId": 6826,
			"count": 0,
			"typeReward": 1
		},
		{
			"id": 41,
			"name": "VIP PLATINUM НА 2Ч.",
			"typeId": 19,
			"awardId": 2,
			"count": 2,
			"typeReward": 0
		},
		{
			"id": 42,
			"name": "20000 Р",
			"typeId": 1,
			"awardId": 0,
			"count": 20000,
			"typeReward": 0
		},
		{
			"id": 43,
			"name": "20 BC",
			"typeId": 3,
			"awardId": 0,
			"count": 20,
			"typeReward": 0
		},
		{
			"id": 44,
			"name": "Mercedes-Benz GT-R  НА 24Ч.",
			"name_store": "M GT-R НА 24Ч.",
			"typeId": 2,
			"awardId": 429,
			"count": 24,
			"typeReward": 0
		},
		{
			"id": 45,
			"name": "Гитарный кейс",
			"typeId": 5,
			"awardId": 4790,
			"count": 716,
			"typeReward": 1
		},
		{
			"id": 46,
			"name": "VIP PLATINUM НА 2Ч.",
			"typeId": 19,
			"awardId": 2,
			"count": 2,
			"typeReward": 0
		},
		{
			"id": 47,
			"name": "20000 Р",
			"typeId": 1,
			"awardId": 0,
			"count": 20000,
			"typeReward": 0
		},
		{
			"id": 48,
			"name": "20 BC",
			"typeId": 3,
			"awardId": 0,
			"count": 20,
			"typeReward": 0
		},
		{
			"id": 49,
			"name": "КЕЙС БОМЖА X1",
			"typeId": 6,
			"awardId": 2,
			"count": 1,
			"typeReward": 0
		},
		{
			"id": 50,
			"name": "Toyota AE 86",
			"name_store": "TRUE 86",
			"typeId": 8,
			"awardId": 673,
			"count": 0,
			"typeReward": 1
		},
		{
			"id": 51,
			"name": "VIP PLATINUM НА 2Ч.",
			"typeId": 19,
			"awardId": 2,
			"count": 2,
			"typeReward": 0
		},
		{
			"id": 52,
			"name": "20000 Р",
			"typeId": 1,
			"awardId": 0,
			"count": 20000,
			"typeReward": 0
		},
		{
			"id": 53,
			"name": "20 BC",
			"typeId": 3,
			"awardId": 0,
			"count": 20,
			"typeReward": 0
		},
		{
			"id": 54,
			"name": "Bentley Mulliner НА 24Ч.",
			"name_store": "Millioner НА 24Ч.",
			"typeId": 2,
			"awardId": 2600,
			"count": 24,
			"typeReward": 0
		},
		{
			"id": 55,
			"name": "Демонические рожки",
			"typeId": 5,
			"awardId": 4788,
			"count": 714,
			"typeReward": 1
		},
		{
			"id": 56,
			"name": "VIP PLATINUM НА 2Ч.",
			"typeId": 19,
			"awardId": 2,
			"count": 2,
			"typeReward": 0
		},
		{
			"id": 57,
			"name": "20000 Р",
			"typeId": 1,
			"awardId": 0,
			"count": 20000,
			"typeReward": 0
		},
		{
			"id": 58,
			"name": "20 BC",
			"typeId": 3,
			"awardId": 0,
			"count": 20,
			"typeReward": 0
		},
		{
			"id": 59,
			"name": "КЕЙС БОМЖА X1",
			"typeId": 6,
			"awardId": 2,
			"count": 1,
			"typeReward": 0
		},
		{
			"id": 60,
			"name": "Стройная Эльфийка",
			"typeId": 7,
			"awardId": 6830,
			"count": 0,
			"typeReward": 1
		},
		{
			"id": 61,
			"name": "VIP PLATINUM НА 2Ч.",
			"typeId": 19,
			"awardId": 2,
			"count": 2,
			"typeReward": 0
		},
		{
			"id": 62,
			"name": "20000 Р",
			"typeId": 1,
			"awardId": 0,
			"count": 20000,
			"typeReward": 0
		},
		{
			"id": 63,
			"name": "20 BC",
			"typeId": 3,
			"awardId": 0,
			"count": 20,
			"typeReward": 0
		},
		{
			"id": 64,
			"name": "Bugatti Divo НА 24Ч.",
			"name_store": "Divero НА 24Ч.",
			"typeId": 2,
			"awardId": 2570,
			"count": 24,
			"typeReward": 0
		},
		{
			"id": 65,
			"name": "Парные Катаны",
			"typeId": 5,
			"awardId": 4792,
			"count": 718,
			"typeReward": 1
		},
		{
			"id": 66,
			"name": "VIP PLATINUM НА 2Ч.",
			"typeId": 19,
			"awardId": 2,
			"count": 2,
			"typeReward": 0
		},
		{
			"id": 67,
			"name": "20000 Р",
			"typeId": 1,
			"awardId": 0,
			"count": 20000,
			"typeReward": 0
		},
		{
			"id": 68,
			"name": "20 BC",
			"typeId": 3,
			"awardId": 0,
			"count": 20,
			"typeReward": 0
		},
		{
			"id": 69,
			"name": "КЕЙС БОМЖА X1",
			"typeId": 6,
			"awardId": 2,
			"count": 1,
			"typeReward": 0
		},
		{
			"id": 70,
			"name": "Lotus Emira",
			"name_store": "Emirrora",
			"typeId": 8,
			"awardId": 671,
			"count": 0,
			"typeReward": 1
		},
		{
			"id": 71,
			"name": "VIP PLATINUM НА 2Ч.",
			"typeId": 19,
			"awardId": 2,
			"count": 2,
			"typeReward": 0
		},
		{
			"id": 72,
			"name": "20000 Р",
			"typeId": 1,
			"awardId": 0,
			"count": 20000,
			"typeReward": 0
		},
		{
			"id": 73,
			"name": "20 BC",
			"typeId": 3,
			"awardId": 0,
			"count": 20,
			"typeReward": 0
		},
		{
			"id": 74,
			"name": "СТАНДАРТНЫЙ КЕЙС X1",
			"typeId": 6,
			"awardId": 3,
			"count": 1,
			"typeReward": 0
		},
		{
			"id": 75,
			"name": "10000 Р",
			"typeId": 1,
			"awardId": 0,
			"count": 10000,
			"typeReward": 0
		}
	],
	"MarathonLevel": [
		{
			"id": 1,
			"name": "5000 РУБЛЕЙ",
			"typeId": 1,
			"awardId": 400,
			"count": 5000
		},
		{
			"id": 2,
			"name": "2 EXP",
			"typeId": 0,
			"awardId": 400,
			"count": 2
		},
		{
			"id": 3,
			"name": "VIP SILVER 3Д.",
			"typeId": 4,
			"awardId": 0,
			"count": 3
		},
		{
			"id": 4,
			"name": "20 BLACK COINS",
			"typeId": 3,
			"awardId": 400,
			"count": 20
		},
		{
			"id": 5,
			"name": "10000 РУБЛЕЙ",
			"typeId": 1,
			"awardId": 400,
			"count": 10000
		},
		{
			"id": 6,
			"name": "4 EXP",
			"typeId": 0,
			"awardId": 400,
			"count": 4
		},
		{
			"id": 7,
			"name": "VIP GOLD 1Д.",
			"typeId": 4,
			"awardId": 1,
			"count": 1
		},
		{
			"id": 8,
			"name": "КЕЙС БОМЖА X1",
			"typeId": 6,
			"awardId": 2,
			"count": 1
		},
		{
			"id": 9,
			"name": "20000 РУБЛЕЙ",
			"typeId": 1,
			"awardId": 400,
			"count": 20000
		},
		{
			"id": 10,
			"name": "6 EXP",
			"typeId": 0,
			"awardId": 400,
			"count": 6
		},
		{
			"id": 11,
			"name": "VIP GOLD 3Д.",
			"typeId": 4,
			"awardId": 1,
			"count": 3
		},
		{
			"id": 12,
			"name": "Lamborghini НА 6Ч.",
			"name_store": "Uragan НА 6Ч.",
			"typeId": 2,
			"awardId": 2549,
			"count": 6
		},
		{
			"id": 13,
			"name": "8 EXP",
			"typeId": 0,
			"awardId": 400,
			"count": 8
		},
		{
			"id": 14,
			"name": "КЕЙС БОМЖА X2",
			"typeId": 6,
			"awardId": 2,
			"count": 2
		}
	],
	"LevelPrices": 150,
	"Tasks": [
		{
			"id": 0,
			"type": "Общие",
			"text": "Знакомство с администрацией",
			"description": "Посетите здание правительства (Как найти: /gps > Важные места > Правительство).",
			"count": 1,
			"subtype": 0,
			"typeint": 0,
			"award": 2000,
			"routeId": 1,
			"complexity": 0,
			"taskStatus": 1
		},
		{
			"id": 1,
			"type": "Общие",
			"text": "Здоровье превыше всего!",
			"description": "Посетите городскую больницу (Как найти: /gps > Государственные организации > Городская больница).",
			"count": 1,
			"subtype": 0,
			"typeint": 0,
			"award": 2000,
			"routeId": 141,
			"complexity": 0,
			"taskStatus": 1
		},
		{
			"id": 2,
			"type": "Общие",
			"text": "Без пяти минут банкир",
			"description": "Посетите ближайшее банковское отделение (Как найти: /gps > Банки).",
			"count": 1,
			"subtype": 0,
			"typeint": 0,
			"award": 2000,
			"routeId": 142,
			"complexity": 0,
			"taskStatus": 1
		},
		{
			"id": 3,
			"type": "Общие",
			"text": "Любитель покушать!",
			"description": "Найдите ближайшую забегаловку (Как найти: /gps > Ближайшие места > Найдите ближайшую закусочную).",
			"count": 1,
			"subtype": 0,
			"typeint": 0,
			"award": 2000,
			"routeId": 129,
			"complexity": 0,
			"taskStatus": 1
		},
		{
			"id": 4,
			"type": "Общие",
			"text": "Вся наша жизнь — игра",
			"description": "Найдите ближайшее казино и посетите его.",
			"count": 1,
			"subtype": 0,
			"typeint": 0,
			"award": 2000,
			"routeId": 49,
			"complexity": 0,
			"taskStatus": 1
		},
		{
			"id": 5,
			"type": "Общие",
			"text": "Люби и саночки возить",
			"description": "Заправить свой автомобиль на АЗС (Как найти: /gps > Ближайшие места > Найдите ближайшую АЗС).",
			"count": 1,
			"subtype": 0,
			"typeint": 1,
			"award": 3000,
			"routeId": 126,
			"complexity": 1,
			"taskStatus": 1
		},
		{
			"id": 6,
			"type": "Общие",
			"text": "Король тюнинга",
			"description": "Сделайте тюнинг своего автомобиля в СТО (Как найти: /gps > Важные места > [12] СТО и тюнинг-ателье > [2] Стайлинг Центр).",
			"count": 1,
			"subtype": 0,
			"typeint": 1,
			"award": 5000,
			"routeId": 69,
			"complexity": 2,
			"taskStatus": 1
		},
		{
			"id": 7,
			"type": "Общие",
			"text": "Заядлый автолюбитель",
			"description": "Проехать 20 километров на своём автомобиле.",
			"count": 20,
			"subtype": 0,
			"typeint": 1,
			"award": 5000,
			"complexity": 2,
			"taskStatus": 1
		},
		{
			"id": 8,
			"type": "Общие",
			"text": "Подарок невесте",
			"description": "Купите букет цветов (Как найти: /gps > Ближайшие места > Найдите ближайший магазин 24/7).",
			"count": 1,
			"subtype": 0,
			"typeint": 0,
			"award": 2000,
			"routeId": 128,
			"complexity": 0,
			"taskStatus": 1
		},
		{
			"id": 9,
			"type": "Общие",
			"text": "Всегда под рукой!",
			"description": "Купите 1 ремонтный набор (Как найти: /gps > Ближайшие места > Найдите ближайший магазин 24/7).",
			"count": 1,
			"subtype": 0,
			"typeint": 0,
			"award": 3000,
			"routeId": 128,
			"complexity": 1,
			"taskStatus": 1
		},
		{
			"id": 13,
			"type": "Общие",
			"text": "Агент под прикрытием",
			"description": "Купите маску (Как найти: /gps > Ближайшие места > Найдите ближайший магазин 24/7).",
			"count": 1,
			"subtype": 0,
			"typeint": 0,
			"award": 2000,
			"routeId": 128,
			"complexity": 0,
			"taskStatus": 1
		},
		{
			"id": 14,
			"type": "Общие",
			"text": "Окажи мед. помощь!",
			"description": "Купите 1 аптечку (Как найти: /gps > Ближайшие места > Найдите ближайший магазин 24/7).",
			"count": 1,
			"subtype": 0,
			"typeint": 0,
			"award": 2000,
			"routeId": 128,
			"complexity": 0,
			"taskStatus": 1
		},
		{
			"id": 47,
			"type": "Рабочие",
			"text": "Орлиный глаз",
			"description": "Подстрелите животное на охоте.",
			"count": 1,
			"subtype": 5,
			"typeint": 7,
			"award": 5000,
			"routeId": 16,
			"complexity": 2,
			"taskStatus": 1
		},
		{
			"id": 49,
			"type": "Общие",
			"text": "Меломан",
			"description": "Включите музыку на любом устройстве (Для покупки: /gps > Ближайшие места > Найти ближайший магазин 24/7).",
			"count": 1,
			"subtype": 0,
			"typeint": 0,
			"award": 2000,
			"routeId": 128,
			"complexity": 0,
			"taskStatus": 1
		},
		{
			"id": 50,
			"type": "Рабочие",
			"text": "Кладоискатель",
			"description": "Найдите 5 предметов при помощи металлоискателя.",
			"count": 1,
			"subtype": 4,
			"typeint": 7,
			"award": 3000,
			"routeId": 15,
			"complexity": 1,
			"taskStatus": 1
		},
		{
			"id": 52,
			"type": "Общие",
			"text": "Оставайся с нами",
			"description": "Отыграйте 1 час.",
			"count": 1,
			"subtype": 0,
			"typeint": 0,
			"award": 5000,
			"complexity": 2,
			"taskStatus": 1
		},
		{
			"id": 55,
			"type": "Рабочие",
			"text": "Водитель-эксперт",
			"description": "Проедьте 1 круг на работе автобусника.",
			"count": 1,
			"subtype": 0,
			"typeint": 0,
			"award": 3000,
			"routeId": 18,
			"complexity": 1,
			"taskStatus": 1
		},
		{
			"id": 56,
			"type": "Рабочие",
			"text": "Зеленые яблоки",
			"description": "Заработайте 3000 рублей на сборщике яблок.",
			"count": 3000,
			"subtype": 0,
			"typeint": 0,
			"award": 3000,
			"routeId": 98,
			"complexity": 1,
			"taskStatus": 1
		},
		{
			"id": 57,
			"type": "Рабочие",
			"text": "Парное молочко",
			"description": "Заработайте 3000 рублей на дояре.",
			"count": 3000,
			"subtype": 0,
			"typeint": 0,
			"award": 3000,
			"routeId": 98,
			"complexity": 1,
			"taskStatus": 1
		},
		{
			"id": 58,
			"type": "Рабочие",
			"text": "Комбайнер",
			"description": "Заработайте 3000 рублей на комбайнере.",
			"count": 3000,
			"subtype": 0,
			"typeint": 0,
			"award": 3000,
			"routeId": 98,
			"complexity": 1,
			"taskStatus": 1
		},
		{
			"id": 59,
			"type": "Рабочие",
			"text": "Пчелы и мёд",
			"description": "Заработайте 10000 рублей на пчеловоде.",
			"count": 10000,
			"subtype": 0,
			"typeint": 0,
			"award": 3000,
			"routeId": 98,
			"complexity": 1,
			"taskStatus": 1
		},
		{
			"id": 60,
			"type": "Рабочие",
			"text": "Шахтер",
			"description": "Заработайте 3000 рублей на шахте.",
			"count": 3000,
			"subtype": 0,
			"typeint": 0,
			"award": 3000,
			"complexity": 1,
			"taskStatus": 1
		},
		{
			"id": 61,
			"type": "Рабочие",
			"text": "Сборщик",
			"description": "Заработайте 3000 рублей на заводе.",
			"count": 3000,
			"subtype": 0,
			"typeint": 0,
			"award": 3000,
			"routeId": 10,
			"complexity": 1,
			"taskStatus": 1
		},
		{
			"id": 62,
			"type": "Общие",
			"text": "На кубике - четыре",
			"description": "Сыграйте в казино-игру кости.",
			"count": 1,
			"subtype": 0,
			"typeint": 0,
			"award": 3000,
			"routeId": 49,
			"complexity": 1,
			"taskStatus": 0
		},
		{
			"id": 63,
			"type": "Общие",
			"text": "Двадцать одно",
			"description": "Сыграть в блекджек (Как найти: /gps > Развлечения > Казино).",
			"count": 1,
			"subtype": 0,
			"typeint": 0,
			"award": 2000,
			"routeId": 49,
			"complexity": 0,
			"taskStatus": 1
		},
		{
			"id": 68,
			"type": "Общие",
			"text": "Боеготов",
			"description": "Купите оружие в магазине оружия (Как найти: /gps > Поиск ближайших мест > Найти ближайший магазин оружия).",
			"count": 1,
			"subtype": 0,
			"typeint": 0,
			"award": 2000,
			"routeId": 131,
			"complexity": 0,
			"taskStatus": 1
		},
		{
			"id": 96,
			"type": "Общие",
			"text": "Гласность народу",
			"description": "Подайте объявление в СМИ (/ad).",
			"count": 1,
			"subtype": 0,
			"typeint": 0,
			"award": 5000,
			"routeId": 32,
			"complexity": 2,
			"taskStatus": 1
		},
		{
			"id": 97,
			"type": "Общие",
			"text": "Куда без номеров?",
			"description": "Прокрутите номера в ГИБДД (Как найти: /gps - Государственные организации - ГИБДД).",
			"count": 1,
			"subtype": 0,
			"typeint": 0,
			"award": 5000,
			"routeId": 21,
			"complexity": 2,
			"taskStatus": 1
		},
		{
			"id": 99,
			"type": "Общие",
			"text": "Благотворительность",
			"description": "Пожертвуйте средства в банке (Как найти: /gps - Банки).",
			"count": 1,
			"subtype": 0,
			"typeint": 0,
			"award": 2000,
			"routeId": 142,
			"complexity": 0,
			"taskStatus": 1
		},
		{
			"id": 100,
			"type": "Общие",
			"text": "Нужно с чего то начинать",
			"description": "Посетите автосалон низкого класса (Как найти: /gps - Автосалоны - Автосалон низкого класса).",
			"count": 1,
			"subtype": 0,
			"typeint": 0,
			"award": 2000,
			"routeId": 61,
			"complexity": 0,
			"taskStatus": 1
		},
		{
			"id": 101,
			"type": "Общие",
			"text": "Поднимаемся с колен",
			"description": "Посетите автосалон среднего класса (Как найти: /gps - Автосалоны - Автосалон среднего класса).",
			"count": 1,
			"subtype": 0,
			"typeint": 0,
			"award": 2000,
			"routeId": 62,
			"complexity": 0,
			"taskStatus": 1
		},
		{
			"id": 102,
			"type": "Общие",
			"text": "Почувствуй рев мотора",
			"description": "Посетите автосалон высокого класса (Как найти: /gps - Автосалоны - Автосалон высокого класса).",
			"count": 1,
			"subtype": 0,
			"typeint": 0,
			"award": 2000,
			"routeId": 63,
			"complexity": 0,
			"taskStatus": 1
		},
		{
			"id": 103,
			"type": "Общие",
			"text": "Железный конь",
			"description": "Посетите мотосалон (Как найти: /gps - Автосалоны - Мотосалон).",
			"count": 1,
			"subtype": 0,
			"typeint": 0,
			"award": 2000,
			"routeId": 65,
			"complexity": 0,
			"taskStatus": 1
		},
		{
			"id": 104,
			"type": "Общие",
			"text": "Краш тест",
			"description": "Возьмите машину на тест драйв в любом автосалоне.",
			"count": 1,
			"subtype": 0,
			"typeint": 0,
			"award": 2000,
			"routeId": 145,
			"complexity": 0,
			"taskStatus": 1
		},
		{
			"id": 105,
			"type": "Общие",
			"text": "Мечтать не вредно",
			"description": "Посетите авторынок любого класса (Как найти: /gps - Автосалоны - Автосалон поддержанных авто).",
			"count": 1,
			"subtype": 0,
			"typeint": 0,
			"award": 2000,
			"routeId": 66,
			"complexity": 0,
			"taskStatus": 1
		},
		{
			"id": 106,
			"type": "Общие",
			"text": "На черный день",
			"description": "Купите канистру с бензином в любой АЗС (Как найти: /gps - Ближайшие места - Найдите ближайшую АЗС).",
			"count": 1,
			"subtype": 0,
			"typeint": 0,
			"award": 2000,
			"routeId": 126,
			"complexity": 0,
			"taskStatus": 1
		},
		{
			"id": 108,
			"type": "Общие",
			"text": "С ветерком!",
			"description": "Арендуйте скутер",
			"count": 1,
			"subtype": 0,
			"typeint": 0,
			"award": 2000,
			"routeId": 143,
			"complexity": 0,
			"taskStatus": 1
		},
		{
			"id": 110,
			"type": "Общие",
			"text": "Полный бак",
			"description": "Заправьте личный транспорт (Как найти: /gps - Ближайшие места - Найдите ближайшую АЗС).",
			"count": 1,
			"subtype": 0,
			"typeint": 0,
			"award": 3000,
			"routeId": 126,
			"complexity": 1,
			"taskStatus": 1
		},
		{
			"id": 111,
			"type": "Общие",
			"text": "Здоров как бык",
			"description": "Вылечитесь в больнице (Как найти: /gps - Государственные организации - Больница).",
			"count": 1,
			"subtype": 0,
			"typeint": 0,
			"award": 2000,
			"routeId": 141,
			"complexity": 0,
			"taskStatus": 1
		},
		{
			"id": 120,
			"type": "Общие",
			"text": "Аир-дроп",
			"description": "Загрузите 10 ящиков в транспортное средство во время битв за контейнер.",
			"count": 10,
			"subtype": 0,
			"typeint": 0,
			"award": 5000,
			"complexity": 2,
			"taskStatus": 1
		},
		{
			"id": 121,
			"type": "Общие",
			"text": "Покушать бы",
			"description": "Купите что нибудь перекусить в любой лавке.",
			"count": 1,
			"subtype": 0,
			"typeint": 0,
			"award": 2000,
			"routeId": 129,
			"complexity": 0,
			"taskStatus": 1
		},
		{
			"id": 124,
			"type": "Общие",
			"text": "Модный",
			"description": "Наденьте любой аксессуар.",
			"count": 1,
			"subtype": 0,
			"typeint": 0,
			"award": 2000,
			"complexity": 0,
			"taskStatus": 1
		},
		{
			"id": 125,
			"type": "Рабочие",
			"text": "Повелитель огня",
			"description": "Затушить 30 очагов возгорания 1 или 2 уровня в МЧС.",
			"count": 30,
			"subtype": 7,
			"typeint": 0,
			"award": 5000,
			"routeId": 19,
			"complexity": 2,
			"taskStatus": 1
		},
		{
			"id": 126,
			"type": "Рабочие",
			"text": "Властелин пожаров",
			"description": "Затушить 15 очагов возгорания 3 уровня в МЧС.",
			"count": 15,
			"subtype": 7,
			"typeint": 0,
			"award": 5000,
			"routeId": 19,
			"complexity": 2,
			"taskStatus": 1
		},
		{
			"id": 127,
			"type": "Рабочие",
			"text": "Мастер вызовов",
			"description": "Выполнить 1 заказов любого уровня в МЧС.",
			"count": 1,
			"subtype": 7,
			"typeint": 0,
			"award": 3000,
			"routeId": 19,
			"complexity": 1,
			"taskStatus": 1
		},
		{
			"id": 129,
			"type": "Рабочие",
			"text": "Командная работа",
			"description": "Успешно завершить 1 вызова с напарником в МЧС.",
			"count": 1,
			"subtype": 7,
			"typeint": 0,
			"award": 5000,
			"routeId": 19,
			"complexity": 2,
			"taskStatus": 1
		},
		{
			"id": 130,
			"type": "Рабочие",
			"text": "Без воды не справиться ",
			"description": "Заполнить пожарный транспорт водой на 100% в МЧС.",
			"count": 1,
			"subtype": 7,
			"typeint": 0,
			"award": 3000,
			"routeId": 19,
			"complexity": 1,
			"taskStatus": 1
		},
		{
			"id": 131,
			"type": "Рабочие",
			"text": "Смотри в оба",
			"description": "Выполнить 5 дополнительных заданий в МЧС.",
			"count": 5,
			"subtype": 7,
			"typeint": 0,
			"award": 5000,
			"routeId": 19,
			"complexity": 2,
			"taskStatus": 1
		},
		{
			"id": 133,
			"type": "Рабочие",
			"text": "Новичок тоже не плох ",
			"description": "Успешно завершить заказ 1 уровня в МЧС.",
			"count": 1,
			"subtype": 7,
			"typeint": 0,
			"award": 2000,
			"routeId": 19,
			"complexity": 0,
			"taskStatus": 1
		},
		{
			"id": 134,
			"type": "Рабочие",
			"text": "Работает любитель",
			"description": "Успешно завершить заказ 2 уровня в МЧС.",
			"count": 1,
			"subtype": 7,
			"typeint": 0,
			"award": 3000,
			"routeId": 19,
			"complexity": 1,
			"taskStatus": 1
		},
		{
			"id": 135,
			"type": "Рабочие",
			"text": "Работает профессионал",
			"description": "Успешно завершить заказ 3 уровня в МЧС.",
			"count": 1,
			"subtype": 7,
			"typeint": 0,
			"award": 5000,
			"routeId": 19,
			"complexity": 2,
			"taskStatus": 1
		},
		{
			"id": 141,
			"type": "Рабочие",
			"text": "В строю!",
			"description": "Начать рабочий день в МЧС.",
			"count": 1,
			"subtype": 7,
			"typeint": 0,
			"award": 2000,
			"routeId": 19,
			"complexity": 0,
			"taskStatus": 1
		},
		{
			"id": 142,
			"type": "Рабочие",
			"text": "Полный инвентарь",
			"description": "Взять весь инвентарь со склада МЧС.",
			"count": 1,
			"subtype": 7,
			"typeint": 0,
			"award": 3000,
			"routeId": 19,
			"complexity": 1,
			"taskStatus": 1
		},
		{
			"id": 143,
			"type": "Общие",
			"text": "Дружелюбный",
			"description": "Поздоровайтесь с 1 игроками.",
			"count": 1,
			"subtype": 0,
			"typeint": 0,
			"award": 2000,
			"complexity": 0,
			"taskStatus": 1
		},
		{
			"id": 146,
			"type": "Общие",
			"text": "Полный бак",
			"description": "Заправьте автомобиль при помощи канистры с бензином",
			"count": 1,
			"subtype": 0,
			"typeint": 0,
			"award": 2000,
			"complexity": 0,
			"taskStatus": 1
		},
		{
			"id": 147,
			"type": "Общие",
			"text": "Я здоров",
			"description": "Используйте аптечку",
			"count": 1,
			"subtype": 0,
			"typeint": 0,
			"award": 2000,
			"complexity": 0,
			"taskStatus": 1
		},
		{
			"id": 148,
			"type": "Общие",
			"text": "Романтик",
			"description": "Подарите букет цветов любому персонажу противоположного пола",
			"count": 1,
			"subtype": 0,
			"typeint": 0,
			"award": 3000,
			"complexity": 1,
			"taskStatus": 1
		},
		{
			"id": 149,
			"type": "Общие",
			"text": "Я здоров",
			"description": "Купите аптечку в магазине 24/7",
			"count": 1,
			"subtype": 0,
			"typeint": 0,
			"award": 2000,
			"routeId": 128,
			"complexity": 0,
			"taskStatus": 1
		},
		{
			"id": 150,
			"type": "Общие",
			"text": "Шумахер",
			"description": "Разогнаться до скорости 150 км/ч на любом автомобиле находясь за рулем",
			"count": 1,
			"subtype": 0,
			"typeint": 1,
			"award": 3000,
			"complexity": 1,
			"taskStatus": 1
		},
		{
			"id": 151,
			"type": "Общие",
			"text": "Железный конь",
			"description": "Набрать 100 км/ч на любом мотоцикле",
			"count": 1,
			"subtype": 0,
			"typeint": 1,
			"award": 3000,
			"complexity": 1,
			"taskStatus": 1
		},
		{
			"id": 152,
			"type": "Общие",
			"text": "Инкогнито",
			"description": "Наденьте маску на лицо",
			"count": 1,
			"subtype": 0,
			"typeint": 0,
			"award": 2000,
			"complexity": 0,
			"taskStatus": 1
		},
		{
			"id": 154,
			"type": "Общие",
			"text": "Я на связи",
			"description": "Пополните счёт телефона в отделении банка или банкомате (Как найти: /gps > Поиск ближайших мест > Найти ближайший банкомат).",
			"count": 1,
			"subtype": 0,
			"typeint": 0,
			"award": 2000,
			"routeId": 134,
			"complexity": 0,
			"taskStatus": 1
		},
		{
			"id": 155,
			"type": "Общие",
			"text": "Исследователь",
			"description": "Посетите Арзамас",
			"count": 1,
			"subtype": 0,
			"typeint": 0,
			"award": 2000,
			"routeId": 73,
			"complexity": 0,
			"taskStatus": 1
		},
		{
			"id": 156,
			"type": "Общие",
			"text": "Исследователь",
			"description": "Посетите Рублевку",
			"count": 1,
			"subtype": 0,
			"typeint": 0,
			"award": 2000,
			"routeId": 74,
			"complexity": 0,
			"taskStatus": 1
		},
		{
			"id": 157,
			"type": "Общие",
			"text": "Исследователь",
			"description": "Посетите Лыткарино",
			"count": 1,
			"subtype": 0,
			"typeint": 0,
			"award": 2000,
			"routeId": 77,
			"complexity": 0,
			"taskStatus": 1
		},
		{
			"id": 158,
			"type": "Общие",
			"text": "Исследователь",
			"description": "Посетите Южный",
			"count": 1,
			"subtype": 0,
			"typeint": 0,
			"award": 2000,
			"routeId": 72,
			"complexity": 0,
			"taskStatus": 1
		},
		{
			"id": 159,
			"type": "Общие",
			"text": "Ежедневные покупки",
			"description": "Посетите магазин 24/7 (Как найти: /gps > Найти ближайший магазин 24/7).",
			"count": 1,
			"subtype": 0,
			"typeint": 0,
			"award": 2000,
			"routeId": 128,
			"complexity": 0,
			"taskStatus": 1
		},
		{
			"id": 168,
			"type": "Общие",
			"text": "Испытай удачу",
			"description": "Посетите офис транспортной компании (Как найти: /gps > Транспортные компании).",
			"count": 1,
			"subtype": 0,
			"typeint": 0,
			"award": 2000,
			"routeId": 144,
			"complexity": 0,
			"taskStatus": 1
		},
		{
			"id": 169,
			"type": "Общие",
			"text": "Заводские будни",
			"description": "Начните рабочий день на заводе (Как найти: /gps > Работы для новичков > Завод).",
			"count": 1,
			"subtype": 0,
			"typeint": 0,
			"award": 2000,
			"routeId": 10,
			"complexity": 0,
			"taskStatus": 1
		},
		{
			"id": 171,
			"type": "Общие",
			"text": "По маршруту",
			"description": "Начните рабочий день водителем автобуса (Как найти: /gps > Важные места > Правительство).",
			"count": 1,
			"subtype": 2,
			"typeint": 7,
			"award": 2000,
			"routeId": 1,
			"complexity": 0,
			"taskStatus": 1
		},
		{
			"id": 176,
			"type": "Общие",
			"text": "В поисках клада",
			"description": "Купите металлоискатель в 24/7 (Как найти: /gps > Поиск ближайших мест > Найти ближайший магазин 24/7).",
			"count": 1,
			"subtype": 0,
			"typeint": 0,
			"award": 3000,
			"routeId": 128,
			"complexity": 1,
			"taskStatus": 1
		},
		{
			"id": 177,
			"type": "Общие",
			"text": "Это клад?",
			"description": "Найдите первый предмет при помощи металлоискателя",
			"count": 1,
			"subtype": 4,
			"typeint": 7,
			"award": 3000,
			"routeId": 15,
			"complexity": 1,
			"taskStatus": 1
		},
		{
			"id": 178,
			"type": "Общие",
			"text": "Почти сапер",
			"description": "Не допустите ни одной ошибки при поиске металлоискателем",
			"count": 1,
			"subtype": 4,
			"typeint": 7,
			"award": 5000,
			"routeId": 15,
			"complexity": 2,
			"taskStatus": 1
		},
		{
			"id": 179,
			"type": "Общие",
			"text": "Дикий добытчик",
			"description": "Подберите найденную шкуру на охоте",
			"count": 1,
			"subtype": 5,
			"typeint": 7,
			"award": 2000,
			"routeId": 16,
			"complexity": 0,
			"taskStatus": 1
		},
		{
			"id": 180,
			"type": "Общие",
			"text": "Меткий глаз",
			"description": "Подстрелите 5 туш с животными на охоте",
			"count": 5,
			"subtype": 5,
			"typeint": 7,
			"award": 3000,
			"routeId": 16,
			"complexity": 1,
			"taskStatus": 1
		},
		{
			"id": 182,
			"type": "Общие",
			"text": "Торговец шкур",
			"description": "Продайте найденную на охоте шкуру",
			"count": 1,
			"subtype": 5,
			"typeint": 7,
			"award": 3000,
			"routeId": 16,
			"complexity": 1,
			"taskStatus": 1
		},
		{
			"id": 237,
			"type": "Рабочие",
			"text": "Начало долгого пути",
			"description": "Вступить в одну из транспортных компаний (Как найти: /gps > Транспортные компании)",
			"count": 1,
			"subtype": 1,
			"typeint": 7,
			"award": 3000,
			"routeId": 144,
			"complexity": 1,
			"taskStatus": 1
		},
		{
			"id": 238,
			"type": "Рабочие",
			"text": "Первый груз",
			"description": "Взять заказ в транспортной компании",
			"count": 1,
			"subtype": 1,
			"typeint": 7,
			"award": 3000,
			"routeId": 144,
			"complexity": 1,
			"taskStatus": 1
		},
		{
			"id": 239,
			"type": "Рабочие",
			"text": "Выгодная сделка",
			"description": "Доставить заказ для бизнеса работая в транспортной компании",
			"count": 1,
			"subtype": 1,
			"typeint": 7,
			"award": 3000,
			"routeId": 144,
			"complexity": 1,
			"taskStatus": 1
		},
		{
			"id": 240,
			"type": "Рабочие",
			"text": "Большой груз",
			"description": "Доставить заказ на склад работая в транспортной компании",
			"count": 1,
			"subtype": 1,
			"typeint": 7,
			"award": 3000,
			"routeId": 144,
			"complexity": 1,
			"taskStatus": 1
		},
		{
			"id": 241,
			"type": "Рабочие",
			"text": "Ювелирная доставка",
			"description": "Доставить груз не повредив транспорт работая в транспортной компании",
			"count": 1,
			"subtype": 1,
			"typeint": 7,
			"award": 5000,
			"routeId": 144,
			"complexity": 2,
			"taskStatus": 1
		},
		{
			"id": 249,
			"type": "Общие",
			"text": "Стрит фуд",
			"description": "Купите любую еду в киоске рядом с одним из вокзалов (Как найти: /gps > Вокзалы)",
			"count": 1,
			"subtype": 0,
			"typeint": 0,
			"award": 2000,
			"routeId": 133,
			"complexity": 0,
			"taskStatus": 1
		},
		{
			"id": 250,
			"type": "Общие",
			"text": "Будни шахтера",
			"description": "Начните рабочий день на шахте (Как найти: /gps > Работы для новичков > Шахта).",
			"count": 1,
			"subtype": 0,
			"typeint": 0,
			"award": 2000,
			"routeId": 9,
			"complexity": 0,
			"taskStatus": 1
		},
		{
			"id": 251,
			"type": "Общие",
			"text": "Будни фермера",
			"description": "Начните рабочий день на ферме (Как найти: /gps > Работы для новичков > Ферма).",
			"count": 1,
			"subtype": 0,
			"typeint": 0,
			"award": 2000,
			"routeId": 98,
			"complexity": 0,
			"taskStatus": 1
		},
		{
			"id": 252,
			"type": "Общие",
			"text": "Будни курьера",
			"description": "Начните рабочий день курьером (Как найти: /gps > Основные работы > Курьерская служба доставки).",
			"count": 1,
			"subtype": 0,
			"typeint": 0,
			"award": 2000,
			"routeId": 13,
			"complexity": 0,
			"taskStatus": 1
		}
	]
}