{
  "Properties": [
    {
      "season_color": "#3EA2FF",
      "season_name": "НОВОГОДНИЙ ДРАЙВ",
      "season_days": 56,
      "bg_season_bp": "bg_season_calendar.png",
      "ic_season_bp": "ic_season_calendar.svg",
      "seasonNumber": 19,
      "dailyTasksPremiumAmount": 10,
      "dailyTasksAmount": 6,
      "dailyTasksReward": 1000,
      "weaklyTasksPremiumAmount": 7,
      "weaklyTasksAmount": 5,
      "weaklyTasksReward": 5000,
      "levelExp": 1000,
      "levelPrice": 150,
      "bgImage": "bg_bp.png",
      "leftImage": "img_bp_left_ch.png",
      "rightImage": "img_bp_right_ch.png"
    }
  ],
  "DeluxeRewards": [
    {
      "id": 1,
      "name": "Porsche GT3 RS 992",
      "nameStore": "GT 992R ",
      "typeId": 5,
      "awardId": 742,
      "count": 0,
      "subcount": 43,
      "renderId": "img_742.png"
    },
    {
      "id": 2,
      "name": "VIP PLATINUM НА 15 Д.",
      "typeId": 9,
      "awardId": 3,
      "count": 360
    },
    {
      "id": 3,
      "name": "X200 ПЫЛЬ",
      "typeId": 21,
      "awardId": 0,
      "count": 200
    },
    {
      "id": 4,
      "name": "10 уровней BP",
      "typeId": 10,
      "awardId": 0,
      "count": 10000
    }
  ],
  "PremiumLevel": [
    {
      "id": 1,
      "name": "40 BC",
      "description": "40 BC",
      "rarity": 3,
      "typeId": 3,
      "awardId": 0,
      "count": 40,
      "typeReward": 0
    },
    {
      "id": 2,
      "name": "15000 Р",
      "description": "15000 Р",
      "rarity": 2,
      "typeId": 2,
      "awardId": 0,
      "count": 15000,
      "typeReward": 0
    },
    {
      "id": 3,
      "name": "10 BC",
      "description": "10 BC",
      "rarity": 2,
      "typeId": 3,
      "awardId": 0,
      "count": 10,
      "typeReward": 0
    },
    {
      "id": 4,
      "name": "X10 ПЫЛЬ",
      "description": "X10 ПЫЛЬ",
      "rarity": 1,
      "typeId": 21,
      "awardId": 0,
      "count": 10,
      "typeReward": 0
    },
    {
      "id": 5,
      "name": "Пояс Nitro",
      "description": "Пояс Nitro",
      "rarity": 4,
      "typeId": 11,
      "awardId": 952,
      "count": 1,
      "typeReward": 1,
      "renderId": "img_14646.png"
    },
    {
      "id": 6,
      "name": "GOLD 2Ч.",
      "description": "VIP GOLD НА 2Ч.",
      "rarity": 1,
      "typeId": 9,
      "awardId": 2,
      "count": 2,
      "typeReward": 0
    },
    {
      "id": 7,
      "name": "15000 Р",
      "description": "15000 Р",
      "rarity": 2,
      "typeId": 2,
      "awardId": 0,
      "count": 15000,
      "typeReward": 0
    },
    {
      "id": 8,
      "name": "10 BC",
      "description": "10 BC",
      "rarity": 2,
      "typeId": 3,
      "awardId": 0,
      "count": 10,
      "typeReward": 0
    },
    {
      "id": 9,
      "name": "БОМЖА X1",
      "description": "КЕЙС БОМЖА X1",
      "rarity": 2,
      "typeId": 4,
      "awardId": 2,
      "count": 1,
      "typeReward": 0
    },
    {
      "id": 10,
      "name": "Mercedes 190 Evo",
      "nameStore": "190 Eva 2",
      "description": "Mercedes-Benz 190E Evo II",
      "descriptionStore": "190 Eva 2",
      "rarity": 5,
      "typeId": 5,
      "awardId": 743,
      "count": 0,
      "subcount": 44,
      "typeReward": 1,
      "renderId": "img_743.png"
    },
    {
      "id": 11,
      "name": "GOLD 2Ч.",
      "description": "VIP GOLD НА 2Ч.",
      "rarity": 1,
      "typeId": 9,
      "awardId": 2,
      "count": 2,
      "typeReward": 0
    },
    {
      "id": 12,
      "name": "15000 Р",
      "description": "15000 Р",
      "rarity": 2,
      "typeId": 2,
      "awardId": 0,
      "count": 15000,
      "typeReward": 0
    },
    {
      "id": 13,
      "name": "10 BC",
      "description": "10 BC",
      "rarity": 2,
      "typeId": 3,
      "awardId": 0,
      "count": 10,
      "typeReward": 0
    },
    {
      "id": 14,
      "name": "X15 ПЫЛЬ",
      "description": "X15 ПЫЛЬ",
      "rarity": 1,
      "typeId": 21,
      "awardId": 0,
      "count": 15,
      "typeReward": 0
    },
    {
      "id": 15,
      "name": "Петр Тренер",
      "description": "Петр Тренер",
      "rarity": 4,
      "typeId": 11,
      "awardId": 134,
      "count": 6877,
      "typeReward": 1,
      "renderId": "img_6877.png"
    },
    {
      "id": 16,
      "name": "GOLD 2Ч.",
      "description": "VIP GOLD НА 2Ч.",
      "rarity": 1,
      "typeId": 9,
      "awardId": 2,
      "count": 2,
      "typeReward": 0
    },
    {
      "id": 17,
      "name": "15000 Р",
      "description": "15000 Р",
      "rarity": 2,
      "typeId": 2,
      "awardId": 0,
      "count": 15000,
      "typeReward": 0
    },
    {
      "id": 18,
      "name": "10 BC",
      "description": "10 BC",
      "rarity": 2,
      "typeId": 3,
      "awardId": 0,
      "count": 10,
      "typeReward": 0
    },
    {
      "id": 19,
      "name": "ЕЖЕДНЕВНЫЙ X1",
      "description": "ЕЖЕДНЕВНЫЙ КЕЙС X1",
      "rarity": 2,
      "typeId": 4,
      "awardId": 1,
      "count": 1,
      "typeReward": 0
    },
    {
      "id": 20,
      "name": "Маска",
      "description": "Маска SnowVision",
      "rarity": 4,
      "typeId": 11,
      "awardId": 953,
      "count": 1,
      "typeReward": 1,
      "renderId": "img_4699.png"
    },
    {
      "id": 21,
      "name": "GOLD 2Ч.",
      "description": "VIP GOLD НА 2Ч.",
      "rarity": 1,
      "typeId": 9,
      "awardId": 2,
      "count": 2,
      "typeReward": 0
    },
    {
      "id": 22,
      "name": "15000 Р",
      "description": "15000 Р",
      "rarity": 2,
      "typeId": 2,
      "awardId": 0,
      "count": 15000,
      "typeReward": 0
    },
    {
      "id": 23,
      "name": "10 BC",
      "description": "10 BC",
      "rarity": 2,
      "typeId": 3,
      "awardId": 0,
      "count": 10,
      "typeReward": 0
    },
    {
      "id": 24,
      "name": "X15 ПЫЛЬ",
      "description": "X15 ПЫЛЬ",
      "rarity": 1,
      "typeId": 21,
      "awardId": 0,
      "count": 15,
      "typeReward": 0
    },
    {
      "id": 25,
      "name": "Кристина",
      "description": "Кристина",
      "rarity": 4,
      "typeId": 11,
      "awardId": 134,
      "count": 6878,
      "typeReward": 1,
      "renderId": "img_6878.png"
    },
    {
      "id": 26,
      "name": "GOLD 2Ч.",
      "description": "VIP GOLD НА 2Ч.",
      "rarity": 1,
      "typeId": 9,
      "awardId": 2,
      "count": 2,
      "typeReward": 0
    },
    {
      "id": 27,
      "name": "15000 Р",
      "description": "15000 Р",
      "rarity": 2,
      "typeId": 2,
      "awardId": 0,
      "count": 15000,
      "typeReward": 0
    },
    {
      "id": 28,
      "name": "10 BC",
      "description": "10 BC",
      "rarity": 2,
      "typeId": 3,
      "awardId": 0,
      "count": 10,
      "typeReward": 0
    },
    {
      "id": 29,
      "name": "БОМЖА X1",
      "description": "КЕЙС БОМЖА X1",
      "rarity": 2,
      "typeId": 4,
      "awardId": 2,
      "count": 1,
      "typeReward": 0
    },
    {
      "id": 30,
      "name": "Toyota Tundra",
      "nameStore": "Tundanas Car",
      "description": "Toyota Tundra Nascar",
      "descriptionStore": "Tundanas Car",
      "rarity": 5,
      "typeId": 5,
      "awardId": 744,
      "count": 0,
      "subcount": 45,
      "typeReward": 1,
      "renderId": "img_744.png"
    },
    {
      "id": 31,
      "name": "GOLD 2Ч.",
      "description": "VIP GOLD НА 2Ч.",
      "rarity": 1,
      "typeId": 9,
      "awardId": 2,
      "count": 2,
      "typeReward": 0
    },
    {
      "id": 32,
      "name": "20000 Р",
      "description": "20000 Р",
      "rarity": 2,
      "typeId": 2,
      "awardId": 0,
      "count": 20000,
      "typeReward": 0
    },
    {
      "id": 33,
      "name": "10 BC",
      "description": "10 BC",
      "rarity": 2,
      "typeId": 3,
      "awardId": 0,
      "count": 10,
      "typeReward": 0
    },
    {
      "id": 34,
      "name": "X20 ПЫЛЬ",
      "description": "X20 ПЫЛЬ",
      "rarity": 2,
      "typeId": 21,
      "awardId": 0,
      "count": 20,
      "typeReward": 0
    },
    {
      "id": 35,
      "name": "DeathSnake",
      "description": "Шлем DeathSnake",
      "rarity": 4,
      "typeId": 11,
      "awardId": 954,
      "count": 1,
      "typeReward": 1,
      "renderId": "img_4700.png"
    },
    {
      "id": 36,
      "name": "GOLD 2Ч.",
      "description": "VIP GOLD НА 2Ч.",
      "rarity": 1,
      "typeId": 9,
      "awardId": 2,
      "count": 2,
      "typeReward": 0
    },
    {
      "id": 37,
      "name": "20000 Р",
      "description": "20000 Р",
      "rarity": 2,
      "typeId": 2,
      "awardId": 0,
      "count": 20000,
      "typeReward": 0
    },
    {
      "id": 38,
      "name": "10 BC",
      "description": "10 BC",
      "rarity": 2,
      "typeId": 3,
      "awardId": 0,
      "count": 10,
      "typeReward": 0
    },
    {
      "id": 39,
      "name": "БОМЖА X1",
      "description": "КЕЙС БОМЖА X1",
      "rarity": 2,
      "typeId": 4,
      "awardId": 2,
      "count": 1,
      "typeReward": 0
    },
    {
      "id": 40,
      "name": "Продюсер",
      "description": "Уличный Продюсер",
      "rarity": 4,
      "typeId": 11,
      "awardId": 134,
      "count": 6880,
      "typeReward": 1,
      "renderId": "img_6880.png"
    },
    {
      "id": 41,
      "name": "PLATINUM 2Ч.",
      "description": "VIP PLATINUM НА 2Ч.",
      "rarity": 2,
      "typeId": 9,
      "awardId": 3,
      "count": 2,
      "typeReward": 0
    },
    {
      "id": 42,
      "name": "20000 Р",
      "description": "20000 Р",
      "rarity": 2,
      "typeId": 2,
      "awardId": 0,
      "count": 20000,
      "typeReward": 0
    },
    {
      "id": 43,
      "name": "20 BC",
      "description": "20 BC",
      "rarity": 2,
      "typeId": 3,
      "awardId": 0,
      "count": 20,
      "typeReward": 0
    },
    {
      "id": 44,
      "name": "X20 ПЫЛЬ",
      "description": "X20 ПЫЛЬ",
      "rarity": 2,
      "typeId": 21,
      "awardId": 0,
      "count": 20,
      "typeReward": 0
    },
    {
      "id": 45,
      "name": "СТАНДАРТНЫЙ X1",
      "description": "СТАНДАРТНЫЙ КЕЙС X1",
      "rarity": 4,
      "typeId": 4,
      "awardId": 3,
      "count": 1,
      "typeReward": 1
    },
    {
      "id": 46,
      "name": "PLATINUM 2Ч.",
      "description": "VIP PLATINUM НА 2Ч.",
      "rarity": 2,
      "typeId": 9,
      "awardId": 3,
      "count": 2,
      "typeReward": 0
    },
    {
      "id": 47,
      "name": "20000 Р",
      "description": "20000 Р",
      "rarity": 2,
      "typeId": 2,
      "awardId": 0,
      "count": 20000,
      "typeReward": 0
    },
    {
      "id": 48,
      "name": "20 BC",
      "description": "20 BC",
      "rarity": 2,
      "typeId": 3,
      "awardId": 0,
      "count": 20,
      "typeReward": 0
    },
    {
      "id": 49,
      "name": "БОМЖА X1",
      "description": "КЕЙС БОМЖА X1",
      "rarity": 2,
      "typeId": 4,
      "awardId": 2,
      "count": 1,
      "typeReward": 0
    },
    {
      "id": 50,
      "name": "Viper GTC",
      "nameStore": "Viper",
      "description": "Dodge Viper GTC",
      "descriptionStore": "Viper",
      "rarity": 5,
      "typeId": 5,
      "awardId": 745,
      "count": 0,
      "subcount": 46,
      "typeReward": 1,
      "renderId": "img_745.png"
    },
    {
      "id": 51,
      "name": "PLATINUM 2Ч.",
      "description": "VIP PLATINUM НА 2Ч.",
      "rarity": 2,
      "typeId": 9,
      "awardId": 3,
      "count": 2,
      "typeReward": 0
    },
    {
      "id": 52,
      "name": "20000 Р",
      "description": "20000 Р",
      "rarity": 2,
      "typeId": 2,
      "awardId": 0,
      "count": 20000,
      "typeReward": 0
    },
    {
      "id": 53,
      "name": "20 BC",
      "description": "20 BC",
      "rarity": 2,
      "typeId": 3,
      "awardId": 0,
      "count": 20,
      "typeReward": 0
    },
    {
      "id": 54,
      "name": "X20 ПЫЛЬ",
      "description": "X20 ПЫЛЬ",
      "rarity": 2,
      "typeId": 21,
      "awardId": 0,
      "count": 20,
      "typeReward": 0
    },
    {
      "id": 55,
      "name": "Нагрудник",
      "description": "Нагрудник Racing Heart",
      "rarity": 4,
      "typeId": 11,
      "awardId": 957,
      "count": 1,
      "typeReward": 1,
      "renderId": "img_4701.png"
    },
    {
      "id": 56,
      "name": "PLATINUM 2Ч.",
      "description": "VIP PLATINUM НА 2Ч.",
      "rarity": 2,
      "typeId": 9,
      "awardId": 3,
      "count": 2,
      "typeReward": 0
    },
    {
      "id": 57,
      "name": "20000 Р",
      "description": "20000 Р",
      "rarity": 2,
      "typeId": 2,
      "awardId": 0,
      "count": 20000,
      "typeReward": 0
    },
    {
      "id": 58,
      "name": "20 BC",
      "description": "20 BC",
      "rarity": 2,
      "typeId": 3,
      "awardId": 0,
      "count": 20,
      "typeReward": 0
    },
    {
      "id": 59,
      "name": "БОМЖА X1",
      "description": "КЕЙС БОМЖА X1",
      "rarity": 2,
      "typeId": 4,
      "awardId": 2,
      "count": 1,
      "typeReward": 0
    },
    {
      "id": 60,
      "name": "Виктор",
      "description": "Виктор",
      "rarity": 4,
      "typeId": 11,
      "awardId": 134,
      "count": 6875,
      "typeReward": 1,
      "renderId": "img_6875.png"
    },
    {
      "id": 61,
      "name": "PLATINUM 2Ч.",
      "description": "VIP PLATINUM НА 2Ч.",
      "rarity": 2,
      "typeId": 9,
      "awardId": 3,
      "count": 2,
      "typeReward": 0
    },
    {
      "id": 62,
      "name": "20000 Р",
      "description": "20000 Р",
      "rarity": 2,
      "typeId": 2,
      "awardId": 0,
      "count": 20000,
      "typeReward": 0
    },
    {
      "id": 63,
      "name": "20 BC",
      "description": "20 BC",
      "rarity": 2,
      "typeId": 3,
      "awardId": 0,
      "count": 20,
      "typeReward": 0
    },
    {
      "id": 64,
      "name": "X20 ПЫЛЬ",
      "description": "X20 ПЫЛЬ",
      "rarity": 2,
      "typeId": 21,
      "awardId": 0,
      "count": 20,
      "typeReward": 0
    },
    {
      "id": 65,
      "name": "Скоростные Крылья",
      "description": "Скоростные крылья",
      "rarity": 4,
      "typeId": 11,
      "awardId": 956,
      "count": 1,
      "typeReward": 1,
      "renderId": "img_14642.png"
    },
    {
      "id": 66,
      "name": "PLATINUM 2Ч.",
      "description": "VIP PLATINUM НА 2Ч.",
      "rarity": 2,
      "typeId": 9,
      "awardId": 3,
      "count": 2,
      "typeReward": 0
    },
    {
      "id": 67,
      "name": "20000 Р",
      "description": "20000 Р",
      "rarity": 2,
      "typeId": 2,
      "awardId": 0,
      "count": 20000,
      "typeReward": 0
    },
    {
      "id": 68,
      "name": "20 BC",
      "description": "20 BC",
      "rarity": 2,
      "typeId": 3,
      "awardId": 0,
      "count": 20,
      "typeReward": 0
    },
    {
      "id": 69,
      "name": "БОМЖА X1",
      "description": "КЕЙС БОМЖА X1",
      "rarity": 2,
      "typeId": 4,
      "awardId": 2,
      "count": 1,
      "typeReward": 0
    },
    {
      "id": 70,
      "name": "Lamborghini",
      "nameStore": "Count Touch",
      "description": "Lamborghini Countach",
      "descriptionStore": "Count Touch",
      "rarity": 5,
      "typeId": 5,
      "awardId": 746,
      "count": 0,
      "subcount": 51,
      "typeReward": 1,
      "renderId": "img_746.png"
    },
    {
      "id": 71,
      "name": "PLATINUM 2Ч.",
      "description": "VIP PLATINUM НА 2Ч.",
      "rarity": 2,
      "typeId": 9,
      "awardId": 3,
      "count": 2,
      "typeReward": 0
    },
    {
      "id": 72,
      "name": "20000 Р",
      "description": "20000 Р",
      "rarity": 2,
      "typeId": 2,
      "awardId": 0,
      "count": 20000,
      "typeReward": 0
    },
    {
      "id": 73,
      "name": "20 BC",
      "description": "20 BC",
      "rarity": 2,
      "typeId": 3,
      "awardId": 0,
      "count": 20,
      "typeReward": 0
    },
    {
      "id": 74,
      "name": "СТАНДАРТНЫЙ X1",
      "description": "СТАНДАРТНЫЙ КЕЙС X1",
      "rarity": 4,
      "typeId": 4,
      "awardId": 3,
      "count": 1,
      "typeReward": 0
    },
    {
      "id": 75,
      "name": "10000 Р",
      "description": "10000 Р",
      "rarity": 1,
      "typeId": 2,
      "awardId": 0,
      "count": 10000,
      "typeReward": 0
    }
  ],
  "StandartLevel": [
    {
      "id": 1,
      "name": "GOLD 8Ч.",
      "description": "VIP GOLD НА 8Ч.",
      "rarity": 2,
      "typeId": 9,
      "awardId": 2,
      "count": 8,
      "typeReward": 0
    },
    {
      "id": 2,
      "name": "5000 Р",
      "description": "5000 Р",
      "rarity": 1,
      "typeId": 2,
      "awardId": 0,
      "count": 5000,
      "typeReward": 0
    },
    {
      "id": 3,
      "name": "5 BC",
      "description": "5 BC",
      "rarity": 1,
      "typeId": 3,
      "awardId": 0,
      "count": 5,
      "typeReward": 0
    },
    {
      "id": 4,
      "name": "X5 ПЫЛЬ",
      "description": "X5 ПЫЛЬ",
      "rarity": 1,
      "typeId": 21,
      "awardId": 0,
      "count": 5,
      "typeReward": 0
    },
    {
      "id": 5,
      "name": "ЕЖЕДНЕВНЫЙ X1",
      "description": "ЕЖЕДНЕВНЫЙ КЕЙС X1",
      "rarity": 2,
      "typeId": 4,
      "awardId": 1,
      "count": 1,
      "typeReward": 0
    },
    {
      "id": 6,
      "name": "SILVER 2Ч.",
      "description": "VIP SILVER НА 2Ч.",
      "rarity": 1,
      "typeId": 9,
      "awardId": 1,
      "count": 2,
      "typeReward": 0
    },
    {
      "id": 7,
      "name": "5000 Р",
      "description": "5000 Р",
      "rarity": 1,
      "typeId": 2,
      "awardId": 0,
      "count": 5000,
      "typeReward": 0
    },
    {
      "id": 8,
      "name": "5 BC",
      "description": "5 BC",
      "rarity": 1,
      "typeId": 3,
      "awardId": 0,
      "count": 5,
      "typeReward": 0
    },
    {
      "id": 9,
      "name": "X2 НА 24Ч.",
      "description": "X2 КУПОН НА 24Ч.",
      "rarity": 1,
      "typeId": 8,
      "awardId": 0,
      "count": 24,
      "typeReward": 0
    },
    {
      "id": 10,
      "name": "Очки Street",
      "description": "Очки Street",
      "rarity": 4,
      "typeId": 11,
      "awardId": 951,
      "count": 1,
      "typeReward": 1,
      "renderId": "img_14644.png"
    },
    {
      "id": 11,
      "name": "SILVER 2Ч.",
      "description": "VIP SILVER НА 2Ч.",
      "rarity": 1,
      "typeId": 9,
      "awardId": 1,
      "count": 2,
      "typeReward": 0
    },
    {
      "id": 12,
      "name": "5000 Р",
      "description": "5000 Р",
      "rarity": 1,
      "typeId": 2,
      "awardId": 0,
      "count": 5000,
      "typeReward": 0
    },
    {
      "id": 13,
      "name": "5 EXP",
      "description": "5 EXP",
      "rarity": 1,
      "typeId": 1,
      "awardId": 0,
      "count": 5,
      "typeReward": 0
    },
    {
      "id": 14,
      "name": "X5 ПЫЛЬ",
      "description": "X5 ПЫЛЬ",
      "rarity": 1,
      "typeId": 21,
      "awardId": 0,
      "count": 5,
      "typeReward": 0
    },
    {
      "id": 15,
      "name": "ЕЖЕДНЕВНЫЙ X1",
      "description": "ЕЖЕДНЕВНЫЙ КЕЙС X1",
      "rarity": 2,
      "typeId": 4,
      "awardId": 1,
      "count": 1,
      "typeReward": 0
    },
    {
      "id": 16,
      "name": "SILVER 2Ч.",
      "description": "VIP SILVER НА 2Ч.",
      "rarity": 1,
      "typeId": 9,
      "awardId": 1,
      "count": 2,
      "typeReward": 0
    },
    {
      "id": 17,
      "name": "5000 Р",
      "description": "5000 Р",
      "rarity": 1,
      "typeId": 2,
      "awardId": 0,
      "count": 5000,
      "typeReward": 0
    },
    {
      "id": 18,
      "name": "5 BC",
      "description": "5 BC",
      "rarity": 1,
      "typeId": 3,
      "awardId": 0,
      "count": 5,
      "typeReward": 0
    },
    {
      "id": 19,
      "name": "X2 НА 24Ч.",
      "description": "X2 КУПОН НА 24Ч.",
      "rarity": 1,
      "typeId": 8,
      "awardId": 0,
      "count": 24,
      "typeReward": 0
    },
    {
      "id": 20,
      "name": "Рюкзак",
      "description": "Рюкзак Techno",
      "rarity": 4,
      "typeId": 11,
      "awardId": 955,
      "count": 1,
      "typeReward": 1,
      "renderId": "img_14630.png"
    },
    {
      "id": 21,
      "name": "SILVER 2Ч.",
      "description": "VIP SILVER НА 2Ч.",
      "rarity": 1,
      "typeId": 9,
      "awardId": 1,
      "count": 2,
      "typeReward": 0
    },
    {
      "id": 22,
      "name": "5000 Р",
      "description": "5000 Р",
      "rarity": 1,
      "typeId": 2,
      "awardId": 0,
      "count": 5000,
      "typeReward": 0
    },
    {
      "id": 23,
      "name": "5 EXP",
      "description": "5 EXP",
      "rarity": 1,
      "typeId": 1,
      "awardId": 0,
      "count": 5,
      "typeReward": 0
    },
    {
      "id": 24,
      "name": "X10 ПЫЛЬ",
      "description": "X10 ПЫЛЬ",
      "rarity": 1,
      "typeId": 21,
      "awardId": 0,
      "count": 10,
      "typeReward": 0
    },
    {
      "id": 25,
      "name": "ЕЖЕДНЕВНЫЙ X1",
      "description": "ЕЖЕДНЕВНЫЙ КЕЙС X1",
      "rarity": 2,
      "typeId": 4,
      "awardId": 1,
      "count": 1,
      "typeReward": 0
    },
    {
      "id": 26,
      "name": "SILVER 2Ч.",
      "description": "VIP SILVER НА 2Ч.",
      "rarity": 1,
      "typeId": 9,
      "awardId": 1,
      "count": 2,
      "typeReward": 0
    },
    {
      "id": 27,
      "name": "5000 Р",
      "description": "5000 Р",
      "rarity": 1,
      "typeId": 2,
      "awardId": 0,
      "count": 5000,
      "typeReward": 0
    },
    {
      "id": 28,
      "name": "5 BC",
      "description": "5 BC",
      "rarity": 1,
      "typeId": 3,
      "awardId": 0,
      "count": 5,
      "typeReward": 0
    },
    {
      "id": 29,
      "name": "X2 НА 24Ч.",
      "description": "X2 КУПОН НА 24Ч.",
      "rarity": 1,
      "typeId": 8,
      "awardId": 0,
      "count": 24,
      "typeReward": 0
    },
    {
      "id": 30,
      "name": "Азартный",
      "description": "Азартный гонщик",
      "rarity": 4,
      "typeId": 11,
      "awardId": 134,
      "count": 6876,
      "typeReward": 1,
      "renderId": "img_6876.png"
    },
    {
      "id": 31,
      "name": "SILVER 2Ч.",
      "description": "VIP SILVER НА 2Ч.",
      "rarity": 1,
      "typeId": 9,
      "awardId": 1,
      "count": 2,
      "typeReward": 0
    },
    {
      "id": 32,
      "name": "7500 Р",
      "description": "7500 Р",
      "rarity": 1,
      "typeId": 2,
      "awardId": 0,
      "count": 7500,
      "typeReward": 0
    },
    {
      "id": 33,
      "name": "10 EXP",
      "description": "10 EXP",
      "rarity": 1,
      "typeId": 1,
      "awardId": 0,
      "count": 10,
      "typeReward": 0
    },
    {
      "id": 34,
      "name": "X10 ПЫЛЬ",
      "description": "X10 ПЫЛЬ",
      "rarity": 1,
      "typeId": 21,
      "awardId": 0,
      "count": 10,
      "typeReward": 0
    },
    {
      "id": 35,
      "name": "ЕЖЕДНЕВНЫЙ X1",
      "description": "ЕЖЕДНЕВНЫЙ КЕЙС X1",
      "rarity": 2,
      "typeId": 4,
      "awardId": 1,
      "count": 1,
      "typeReward": 0
    },
    {
      "id": 36,
      "name": "SILVER 2Ч.",
      "description": "VIP SILVER НА 2Ч.",
      "rarity": 1,
      "typeId": 9,
      "awardId": 1,
      "count": 2,
      "typeReward": 0
    },
    {
      "id": 37,
      "name": "7500 Р",
      "description": "7500 Р",
      "rarity": 1,
      "typeId": 2,
      "awardId": 0,
      "count": 7500,
      "typeReward": 0
    },
    {
      "id": 38,
      "name": "5 BC",
      "description": "5 BC",
      "rarity": 1,
      "typeId": 3,
      "awardId": 0,
      "count": 5,
      "typeReward": 0
    },
    {
      "id": 39,
      "name": "X2 НА 24Ч.",
      "description": "X2 КУПОН НА 24Ч.",
      "rarity": 1,
      "typeId": 8,
      "awardId": 0,
      "count": 24,
      "typeReward": 0
    },
    {
      "id": 40,
      "name": "БОМЖА X1",
      "description": "КЕЙС БОМЖА X1",
      "rarity": 2,
      "typeId": 4,
      "awardId": 2,
      "count": 1,
      "typeReward": 1
    },
    {
      "id": 41,
      "name": "GOLD 2Ч.",
      "description": "VIP GOLD НА 2Ч.",
      "rarity": 1,
      "typeId": 9,
      "awardId": 2,
      "count": 2,
      "typeReward": 0
    },
    {
      "id": 42,
      "name": "7500 Р",
      "description": "7500 Р",
      "rarity": 1,
      "typeId": 2,
      "awardId": 0,
      "count": 7500,
      "typeReward": 0
    },
    {
      "id": 43,
      "name": "10 EXP",
      "description": "10 EXP",
      "rarity": 2,
      "typeId": 1,
      "awardId": 0,
      "count": 10,
      "typeReward": 0
    },
    {
      "id": 44,
      "name": "X10 ПЫЛЬ",
      "description": "X10 ПЫЛЬ",
      "rarity": 1,
      "typeId": 21,
      "awardId": 0,
      "count": 10,
      "typeReward": 0
    },
    {
      "id": 45,
      "name": "ЕЖЕДНЕВНЫЙ X1",
      "description": "ЕЖЕДНЕВНЫЙ КЕЙС X1",
      "rarity": 2,
      "typeId": 4,
      "awardId": 1,
      "count": 1,
      "typeReward": 0
    },
    {
      "id": 46,
      "name": "GOLD 2Ч.",
      "description": "VIP GOLD НА 2Ч.",
      "rarity": 1,
      "typeId": 9,
      "awardId": 2,
      "count": 2,
      "typeReward": 0
    },
    {
      "id": 47,
      "name": "7500 Р",
      "description": "7500 Р",
      "rarity": 1,
      "typeId": 2,
      "awardId": 0,
      "count": 7500,
      "typeReward": 0
    },
    {
      "id": 48,
      "name": "10 BC",
      "description": "10 BC",
      "rarity": 2,
      "typeId": 3,
      "awardId": 0,
      "count": 10,
      "typeReward": 0
    },
    {
      "id": 49,
      "name": "X2 НА 24Ч.",
      "description": "X2 КУПОН НА 24Ч.",
      "rarity": 1,
      "typeId": 8,
      "awardId": 0,
      "count": 24,
      "typeReward": 0
    },
    {
      "id": 50,
      "name": "Анна",
      "description": "Анна",
      "rarity": 4,
      "typeId": 11,
      "awardId": 134,
      "count": 6879,
      "typeReward": 1,
      "renderId": "img_6879.png"
    },
    {
      "id": 51,
      "name": "GOLD 2Ч.",
      "description": "VIP GOLD НА 2Ч.",
      "rarity": 1,
      "typeId": 9,
      "awardId": 2,
      "count": 2,
      "typeReward": 0
    },
    {
      "id": 52,
      "name": "10000 Р",
      "description": "10000 Р",
      "rarity": 1,
      "typeId": 2,
      "awardId": 0,
      "count": 10000,
      "typeReward": 0
    },
    {
      "id": 53,
      "name": "10 EXP",
      "description": "10 EXP",
      "rarity": 1,
      "typeId": 1,
      "awardId": 0,
      "count": 10,
      "typeReward": 0
    },
    {
      "id": 54,
      "name": "X10 ПЫЛЬ",
      "description": "X10 ПЫЛЬ",
      "rarity": 1,
      "typeId": 21,
      "awardId": 0,
      "count": 10,
      "typeReward": 0
    },
    {
      "id": 55,
      "name": "ЕЖЕДНЕВНЫЙ X1",
      "description": "ЕЖЕДНЕВНЫЙ КЕЙС X1",
      "rarity": 2,
      "typeId": 4,
      "awardId": 1,
      "count": 1,
      "typeReward": 0
    },
    {
      "id": 56,
      "name": "GOLD 2Ч.",
      "description": "VIP GOLD НА 2Ч.",
      "rarity": 1,
      "typeId": 9,
      "awardId": 2,
      "count": 2,
      "typeReward": 0
    },
    {
      "id": 57,
      "name": "10000 Р",
      "description": "10000 Р",
      "rarity": 1,
      "typeId": 2,
      "awardId": 0,
      "count": 10000,
      "typeReward": 0
    },
    {
      "id": 58,
      "name": "10 BC",
      "description": "10 BC",
      "rarity": 2,
      "typeId": 3,
      "awardId": 0,
      "count": 10,
      "typeReward": 0
    },
    {
      "id": 59,
      "name": "X2 НА 24Ч.",
      "description": "X2 КУПОН НА 24Ч.",
      "rarity": 1,
      "typeId": 8,
      "awardId": 0,
      "count": 24,
      "typeReward": 0
    },
    {
      "id": 60,
      "name": "БОМЖА X2",
      "description": "КЕЙС БОМЖА X2",
      "rarity": 3,
      "typeId": 4,
      "awardId": 2,
      "count": 2,
      "typeReward": 1
    },
    {
      "id": 61,
      "name": "VIP GOLD НА 2Ч.",
      "description": "VIP GOLD НА 2Ч.",
      "rarity": 1,
      "typeId": 9,
      "awardId": 2,
      "count": 2,
      "typeReward": 0
    },
    {
      "id": 62,
      "name": "10000 Р",
      "description": "10000 Р",
      "rarity": 1,
      "typeId": 2,
      "awardId": 0,
      "count": 10000,
      "typeReward": 0
    },
    {
      "id": 63,
      "name": "10 EXP",
      "description": "10 EXP",
      "rarity": 1,
      "typeId": 1,
      "awardId": 0,
      "count": 10,
      "typeReward": 0
    },
    {
      "id": 64,
      "name": "X10 ПЫЛЬ",
      "description": "X10 ПЫЛЬ",
      "rarity": 1,
      "typeId": 21,
      "awardId": 0,
      "count": 10,
      "typeReward": 0
    },
    {
      "id": 65,
      "name": "ЕЖЕДНЕВНЫЙ X1",
      "description": "ЕЖЕДНЕВНЫЙ КЕЙС X1",
      "rarity": 2,
      "typeId": 4,
      "awardId": 1,
      "count": 1,
      "typeReward": 0
    },
    {
      "id": 66,
      "name": "PLATINUM 2Ч.",
      "description": "VIP PLATINUM НА 2Ч.",
      "rarity": 2,
      "typeId": 9,
      "awardId": 3,
      "count": 2,
      "typeReward": 0
    },
    {
      "id": 67,
      "name": "10000 Р",
      "description": "10000 Р",
      "rarity": 1,
      "typeId": 2,
      "awardId": 0,
      "count": 10000,
      "typeReward": 0
    },
    {
      "id": 68,
      "name": "10 BC",
      "description": "10 BC",
      "rarity": 2,
      "typeId": 3,
      "awardId": 0,
      "count": 10,
      "typeReward": 0
    },
    {
      "id": 69,
      "name": "X2 НА 24Ч.",
      "description": "X2 КУПОН НА 24Ч.",
      "rarity": 1,
      "typeId": 8,
      "awardId": 0,
      "count": 24,
      "typeReward": 0
    },
    {
      "id": 70,
      "name": "BMW 3.5 CSL",
      "nameStore": "Boomer 3.5 74",
      "description": "BMW 3.5 CSL 1974",
      "descriptionStore": "Boomer 3.5 74",
      "rarity": 5,
      "typeId": 5,
      "awardId": 747,
      "count": 0,
      "subcount": 47,
      "typeReward": 1,
      "renderId": "img_747.png"
    },
    {
      "id": 71,
      "name": "PLATINUM 2Ч.",
      "description": "VIP PLATINUM НА 2Ч.",
      "rarity": 2,
      "typeId": 9,
      "awardId": 3,
      "count": 2,
      "typeReward": 0
    },
    {
      "id": 72,
      "name": "10000 Р",
      "description": "10000 Р",
      "rarity": 1,
      "typeId": 2,
      "awardId": 0,
      "count": 10000,
      "typeReward": 0
    },
    {
      "id": 73,
      "name": "10 BC",
      "description": "10 BC",
      "rarity": 2,
      "typeId": 3,
      "awardId": 0,
      "count": 10,
      "typeReward": 0
    },
    {
      "id": 74,
      "name": "10 EXP",
      "description": "10 EXP",
      "rarity": 2,
      "typeId": 1,
      "awardId": 0,
      "count": 10,
      "typeReward": 0
    },
    {
      "id": 75,
      "name": "5000 Р",
      "description": "5000 Р",
      "rarity": 1,
      "typeId": 2,
      "awardId": 0,
      "count": 5000,
      "typeReward": 0
    }
  ],
  "Tasks": [
    {
      "id": 99,
      "typeId": 3,
      "typeName": "Еженедельное",
      "description": "Пожертвуйте 10000 рублей или более в Банке",
      "requirementDescription": "Прогресс:",
      "count": 10000,
      "award": 1000,
      "routeId": 144,
      "level": 1,
      "typeBtn": 1
    },
    {
      "id": 143,
      "typeId": 3,
      "typeName": "Еженедельное",
      "description": "Поздоровайтесь с 2 игроками.",
      "requirementDescription": "Прогресс:",
      "count": 2,
      "award": 1000,
      "level": 1,
      "typeBtn": 1
    },
    {
      "id": 148,
      "typeId": 3,
      "typeName": "Еженедельное",
      "description": "Подарите букет цветов любому персонажу противоположного пола",
      "requirementDescription": "Прогресс:",
      "count": 1,
      "award": 1000,
      "level": 1,
      "typeBtn": 1
    },
    {
      "id": 255,
      "typeId": 3,
      "typeName": "Еженедельное",
      "description": "Откройте 5 любых кейсов",
      "requirementDescription": "Прогресс:",
      "count": 5,
      "award": 1000,
      "level": 1,
      "typeBtn": 4
    },
    {
      "id": 256,
      "typeId": 3,
      "typeName": "Еженедельное",
      "description": "Сыграйте 5 любых игр в Казино",
      "requirementDescription": "Прогресс:",
      "count": 5,
      "award": 1000,
      "routeId": 49,
      "level": 1,
      "typeBtn": 6
    },
    {
      "id": 257,
      "typeId": 3,
      "typeName": "Еженедельное",
      "description": "Заработайте 100 000 рублей ",
      "requirementDescription": "Прогресс:",
      "count": 100000,
      "award": 1000,
      "level": 1,
      "typeBtn": 6
    },
    {
      "id": 254,
      "typeId": 4,
      "typeName": "Ежедневное",
      "description": "Войдите в игру",
      "requirementDescription": "Прогресс:",
      "count": 1,
      "award": 300,
      "level": 1,
      "typeBtn": 1
    },
    {
      "id": 258,
      "typeId": 5,
      "typeName": "Ежедневное",
      "description": "Посетите Правительство",
      "requirementDescription": "Прогресс:",
      "count": 1,
      "award": 300,
      "routeId": 1,
      "level": 1,
      "typeBtn": 1
    },
    {
      "id": 1,
      "typeId": 5,
      "typeName": "Ежедневное",
      "description": "Посетите Больницу",
      "requirementDescription": "Прогресс:",
      "count": 1,
      "award": 300,
      "routeId": 142,
      "level": 1,
      "typeBtn": 1
    },
    {
      "id": 2,
      "typeId": 5,
      "typeName": "Ежедневное",
      "description": "Посетите Банк",
      "requirementDescription": "Прогресс:",
      "count": 1,
      "award": 300,
      "routeId": 144,
      "level": 1,
      "typeBtn": 1
    },
    {
      "id": 3,
      "typeId": 5,
      "typeName": "Ежедневное",
      "description": "Посетите Закусочную",
      "requirementDescription": "Прогресс:",
      "count": 1,
      "award": 300,
      "routeId": 130,
      "level": 1,
      "typeBtn": 1
    },
    {
      "id": 4,
      "typeId": 5,
      "typeName": "Ежедневное",
      "description": "Посетите Казино",
      "requirementDescription": "Прогресс:",
      "count": 1,
      "award": 300,
      "routeId": 49,
      "level": 1,
      "typeBtn": 1
    },
    {
      "id": 159,
      "typeId": 5,
      "typeName": "Ежедневное",
      "description": "Посетите Магазин 24/7",
      "requirementDescription": "Прогресс:",
      "count": 1,
      "award": 300,
      "routeId": 129,
      "level": 1,
      "typeBtn": 1
    },
    {
      "id": 168,
      "typeId": 5,
      "typeName": "Ежедневное",
      "description": "Посетите офис Транспортной компании",
      "requirementDescription": "Прогресс:",
      "count": 1,
      "award": 300,
      "routeId": 145,
      "level": 1,
      "typeBtn": 1
    },
    {
      "id": 155,
      "typeId": 6,
      "typeName": "Ежедневное",
      "description": "Посетите Арзамас",
      "requirementDescription": "Прогресс:",
      "count": 1,
      "award": 300,
      "routeId": 73,
      "level": 1,
      "typeBtn": 1
    },
    {
      "id": 156,
      "typeId": 6,
      "typeName": "Ежедневное",
      "description": "Посетите Рублевку",
      "requirementDescription": "Прогресс:",
      "count": 1,
      "award": 300,
      "routeId": 74,
      "level": 1,
      "typeBtn": 1
    },
    {
      "id": 157,
      "typeId": 6,
      "typeName": "Ежедневное",
      "description": "Посетите Лыткарино",
      "requirementDescription": "Прогресс:",
      "count": 1,
      "award": 300,
      "routeId": 77,
      "level": 1,
      "typeBtn": 1
    },
    {
      "id": 158,
      "typeId": 6,
      "typeName": "Ежедневное",
      "description": "Посетите Южный",
      "requirementDescription": "Прогресс:",
      "count": 1,
      "award": 300,
      "routeId": 72,
      "level": 1,
      "typeBtn": 1
    },
    {
      "id": 100,
      "typeId": 7,
      "typeName": "Ежедневное",
      "description": "Посетите Автосалон Низкого класса",
      "requirementDescription": "Прогресс:",
      "count": 1,
      "award": 300,
      "routeId": 61,
      "level": 1,
      "typeBtn": 1
    },
    {
      "id": 101,
      "typeId": 7,
      "typeName": "Ежедневное",
      "description": "Посетите Автосалон Среднего класса",
      "requirementDescription": "Прогресс:",
      "count": 1,
      "award": 300,
      "routeId": 62,
      "level": 1,
      "typeBtn": 1
    },
    {
      "id": 102,
      "typeId": 7,
      "typeName": "Ежедневное",
      "description": "Посетите Автосалон Высокого класса",
      "requirementDescription": "Прогресс:",
      "count": 1,
      "award": 300,
      "routeId": 63,
      "level": 1,
      "typeBtn": 1
    },
    {
      "id": 103,
      "typeId": 7,
      "typeName": "Ежедневное",
      "description": "Посетите Мотосалон",
      "requirementDescription": "Прогресс:",
      "count": 1,
      "award": 300,
      "routeId": 65,
      "level": 1,
      "typeBtn": 1
    },
    {
      "id": 105,
      "typeId": 7,
      "typeName": "Ежедневное",
      "description": "Посетите любой авторынок",
      "requirementDescription": "Прогресс:",
      "count": 1,
      "award": 300,
      "routeId": 66,
      "level": 1,
      "typeBtn": 1
    },
    {
      "id": 8,
      "typeId": 8,
      "typeName": "Ежедневное",
      "description": "Купите букет цветов",
      "requirementDescription": "Прогресс:",
      "count": 1,
      "award": 300,
      "routeId": 129,
      "level": 1,
      "typeBtn": 1
    },
    {
      "id": 9,
      "typeId": 8,
      "typeName": "Ежедневное",
      "description": "Купите 1 ремонтный набор",
      "requirementDescription": "Прогресс:",
      "count": 1,
      "award": 300,
      "routeId": 129,
      "level": 1,
      "typeBtn": 1
    },
    {
      "id": 13,
      "typeId": 8,
      "typeName": "Ежедневное",
      "description": "Купите маску",
      "requirementDescription": "Прогресс:",
      "count": 1,
      "award": 300,
      "routeId": 129,
      "level": 1,
      "typeBtn": 1
    },
    {
      "id": 121,
      "typeId": 8,
      "typeName": "Ежедневное",
      "description": "Купите 1 любой товар в Ларьке",
      "requirementDescription": "Прогресс:",
      "count": 1,
      "award": 300,
      "routeId": 134,
      "level": 1,
      "typeBtn": 1
    },
    {
      "id": 149,
      "typeId": 8,
      "typeName": "Ежедневное",
      "description": "Купите аптечку в Магазине 24/7",
      "requirementDescription": "Прогресс:",
      "count": 1,
      "award": 300,
      "routeId": 129,
      "level": 1,
      "typeBtn": 1
    },
    {
      "id": 249,
      "typeId": 8,
      "typeName": "Ежедневное",
      "description": "Купите 1 любой товар в киоске рядом с Вокзалом",
      "requirementDescription": "Прогресс:",
      "count": 1,
      "award": 300,
      "routeId": 134,
      "level": 1,
      "typeBtn": 1
    },
    {
      "id": 141,
      "typeId": 9,
      "typeName": "Ежедневное",
      "description": "Начните рабочий день в МЧС",
      "requirementDescription": "Прогресс:",
      "count": 1,
      "award": 300,
      "routeId": 19,
      "level": 6,
      "conditions": 1,
      "typeBtn": 1
    },
    {
      "id": 169,
      "typeId": 9,
      "typeName": "Ежедневное",
      "description": "Начните рабочий день на работе Сборщик на заводе",
      "requirementDescription": "Прогресс:",
      "count": 1,
      "award": 300,
      "routeId": 10,
      "level": 1,
      "typeBtn": 1
    },
    {
      "id": 171,
      "typeId": 9,
      "typeName": "Ежедневное",
      "description": "Начните рабочий день на работе Водитель автобуса",
      "requirementDescription": "Прогресс:",
      "count": 1,
      "award": 300,
      "routeId": 1,
      "level": 2,
      "conditions": 3,
      "typeBtn": 1
    },
    {
      "id": 250,
      "typeId": 9,
      "typeName": "Ежедневное",
      "description": "Начните рабочий день на работе Шахта",
      "requirementDescription": "Прогресс:",
      "count": 1,
      "award": 300,
      "routeId": 9,
      "level": 1,
      "typeBtn": 1
    },
    {
      "id": 251,
      "typeId": 9,
      "typeName": "Ежедневное",
      "description": "Начните рабочий день на любой из 4 работ на Ферме",
      "requirementDescription": "Прогресс:",
      "count": 1,
      "award": 300,
      "routeId": 98,
      "level": 1,
      "typeBtn": 1
    },
    {
      "id": 252,
      "typeId": 9,
      "typeName": "Ежедневное",
      "description": "Начните рабочий день на работе Курьер",
      "requirementDescription": "Прогресс:",
      "count": 1,
      "award": 300,
      "routeId": 13,
      "level": 2,
      "typeBtn": 1
    },
    {
      "id": 7,
      "typeId": 10,
      "typeName": "Ежедневное",
      "description": "Проедьте 20 км на транспорте, будучи за рулем",
      "requirementDescription": "Прогресс:",
      "count": 20,
      "award": 300,
      "level": 2,
      "typeBtn": 6
    },
    {
      "id": 150,
      "typeId": 10,
      "typeName": "Ежедневное",
      "description": "Разгонитесь до 150 км/ч на любом транспорте, будучи за рулем",
      "requirementDescription": "Прогресс:",
      "count": 1,
      "award": 300,
      "level": 1,
      "typeBtn": 6
    },
    {
      "id": 151,
      "typeId": 10,
      "typeName": "Ежедневное",
      "description": "Разгонитесь до 100 км/ч на любом мотоцикле",
      "requirementDescription": "Прогресс:",
      "count": 1,
      "award": 300,
      "level": 1,
      "typeBtn": 6
    },
    {
      "id": 5,
      "typeId": 11,
      "typeName": "Ежедневное",
      "description": "Заправьте свой транспорт на АЗС",
      "requirementDescription": "Прогресс:",
      "count": 1,
      "award": 300,
      "routeId": 127,
      "level": 1,
      "conditions": 7,
      "typeBtn": 6
    },
    {
      "id": 6,
      "typeId": 3,
      "typeName": "Еженедельное",
      "description": "Сделайте тюнинг своего автомобиля в СТО",
      "requirementDescription": "Прогресс:",
      "count": 1,
      "award": 1000,
      "routeId": 69,
      "level": 1,
      "typeBtn": 1
    },
    {
      "id": 97,
      "typeId": 11,
      "typeName": "Ежедневное",
      "description": "Прокрутите случайные номера авто в ГИБДД",
      "requirementDescription": "Прогресс:",
      "count": 1,
      "award": 300,
      "routeId": 157,
      "level": 1,
      "typeBtn": 6
    },
    {
      "id": 106,
      "typeId": 11,
      "typeName": "Ежедневное",
      "description": "Купите канистру с бензином в любой АЗС",
      "requirementDescription": "Прогресс:",
      "count": 1,
      "award": 300,
      "routeId": 127,
      "level": 1,
      "typeBtn": 6
    },
    {
      "id": 47,
      "typeId": 12,
      "typeName": "Ежедневное",
      "description": "Подстрелите 1 животное на работе Охотник",
      "requirementDescription": "Прогресс:",
      "count": 1,
      "award": 300,
      "routeId": 16,
      "level": 2,
      "conditions": 8,
      "typeBtn": 6
    },
    {
      "id": 52,
      "typeId": 12,
      "typeName": "Ежедневное",
      "description": "Отыграйте 1 час",
      "requirementDescription": "Прогресс:",
      "count": 1,
      "award": 300,
      "level": 1,
      "typeBtn": 6
    },
    {
      "id": 56,
      "typeId": 12,
      "typeName": "Ежедневное",
      "description": "Заработайте 3000 рублей на работе Сборщик на ферме",
      "requirementDescription": "Прогресс:",
      "count": 3000,
      "award": 300,
      "routeId": 98,
      "level": 1,
      "typeBtn": 6
    },
    {
      "id": 57,
      "typeId": 12,
      "typeName": "Ежедневное",
      "description": "Заработайте 3000 рублей на работе Дояр на ферме",
      "requirementDescription": "Прогресс:",
      "count": 3000,
      "award": 300,
      "routeId": 98,
      "level": 2,
      "typeBtn": 6
    },
    {
      "id": 58,
      "typeId": 12,
      "typeName": "Ежедневное",
      "description": "Заработайте 3000 рублей на работе Водитель комбайна на ферме",
      "requirementDescription": "Прогресс:",
      "count": 3000,
      "award": 300,
      "routeId": 98,
      "level": 2,
      "typeBtn": 6
    },
    {
      "id": 59,
      "typeId": 12,
      "typeName": "Ежедневное",
      "description": "Заработайте 10000 рублей на работе Пчеловод на ферме",
      "requirementDescription": "Прогресс:",
      "count": 10000,
      "award": 300,
      "routeId": 98,
      "level": 2,
      "typeBtn": 6
    },
    {
      "id": 60,
      "typeId": 12,
      "typeName": "Ежедневное",
      "description": "Заработайте 3000 рублей на работе Шахтер",
      "requirementDescription": "Прогресс:",
      "count": 3000,
      "award": 300,
      "level": 1,
      "typeBtn": 6
    },
    {
      "id": 61,
      "typeId": 12,
      "typeName": "Ежедневное",
      "description": "Заработайте 3000 рублей на работе Сборщик на заводе",
      "requirementDescription": "Прогресс:",
      "count": 3000,
      "award": 300,
      "routeId": 10,
      "level": 1,
      "typeBtn": 6
    },
    {
      "id": 96,
      "typeId": 13,
      "typeName": "Ежедневное",
      "description": "Подайте объявление в СМИ (/ad)",
      "requirementDescription": "Прогресс:",
      "count": 1,
      "award": 300,
      "routeId": 32,
      "level": 2,
      "typeBtn": 6
    },
    {
      "id": 104,
      "typeId": 13,
      "typeName": "Ежедневное",
      "description": "Возьмите машину на тест драйв в любом автосалоне",
      "requirementDescription": "Прогресс:",
      "count": 1,
      "award": 300,
      "routeId": 147,
      "level": 2,
      "typeBtn": 6
    },
    {
      "id": 108,
      "typeId": 13,
      "typeName": "Ежедневное",
      "description": "Арендуйте скутер",
      "requirementDescription": "Прогресс:",
      "count": 1,
      "award": 300,
      "routeId": 126,
      "level": 1,
      "typeBtn": 6
    },
    {
      "id": 124,
      "typeId": 13,
      "typeName": "Ежедневное",
      "description": "Наденьте любой аксессуар",
      "requirementDescription": "Прогресс:",
      "count": 1,
      "award": 300,
      "level": 1,
      "typeBtn": 6
    },
    {
      "id": 147,
      "typeId": 13,
      "typeName": "Ежедневное",
      "description": "Используйте аптечку",
      "requirementDescription": "Прогресс:",
      "count": 1,
      "award": 300,
      "level": 1,
      "typeBtn": 6
    }
  ]
}