{
  "Properties": [
    {
      "eventId": 1,
      "miniGamesId": [
        4,
        5,
        6
      ],
      "dates": [
        1735178400,
        1737597600
      ],
      "color": "#3EA2FF",
      "color2": "#33B5E5",
      "name": "НОВОГОДНИЙ ДРАЙВ",
      "bgImage": "bg_event.png",
      "icImage": "ic_event.png",
      "bpOfferImage": "img_bpofferimage.png",
      "bpMultiplier": 1,
      "bpLimit": 1000,
      "offerImage": "img_offerimage.png",
      "offerCost": 239,
      "offerValue": 1000,
      "eventCurrencyId": 23
    }
  ],
  "Settings": [
    {
      "id": 1,
      "name": "НОВОГОДНЯЯ ЕЛКА",
      "icImage": "ic_event.svg",
      "objectGrades": [
        0,
        30,
        50
      ],
      "objectImages": [
        "img_event_grade_1.png",
        "img_event_grade_2.png",
        "img_event_grade_3.png"
      ]
    },
    {
      "id": 2,
      "name": "ЗАДАНИЯ",
      "icImage": "ic_checklist.svg",
      "objectImages": [
        "img_daily_tasks.png",
        "img_unique_tasks.png"
      ]
    },
    {
      "id": 3,
      "name": "РЕЙТИНГ",
      "icImage": "ic_reward.svg",
      "objectImages": [
        "bg_rating_event.png"
      ]
    },
    {
      "id": 4,
      "name": "МИНИ ИГРЫ",
      "icImage": "ic_game.svg",
      "objectImages": [
        "img_minigame_1.png",
        "img_minigame_2.png",
        "img_minigame_3.png"
      ]
    }
  ],
  "EventLevel": [
    {
      "id": 1,
      "cost": 1000,
      "name": "10 BC",
      "description": "10 BC",
      "rarity": 1,
      "typeId": 3,
      "internalId": 0,
      "count": 10
    },
    {
      "id": 2,
      "cost": 1150,
      "name": "5 EXP",
      "description": "5 EXP",
      "rarity": 2,
      "typeId": 1,
      "internalId": 0,
      "count": 5
    },
    {
      "id": 3,
      "cost": 1300,
      "name": "1500 BP EXP",
      "description": "1500 BP EXP",
      "rarity": 1,
      "typeId": 10,
      "internalId": 0,
      "count": 1500
    },
    {
      "id": 4,
      "cost": 1450,
      "name": "X20 ПЫЛЬ",
      "description": "X20 ПЫЛЬ",
      "rarity": 1,
      "typeId": 21,
      "internalId": 0,
      "count": 20
    },
    {
      "id": 5,
      "cost": 1600,
      "name": "Шарф",
      "description": "Шарф Racing",
      "rarity": 4,
      "typeId": 11,
      "internalId": 947,
      "count": 1,
      "typeReward": 1,
      "imageName": "img_14645.png"
    },
    {
      "id": 6,
      "cost": 1800,
      "name": "GOLD 6 Ч.",
      "description": "VIP GOLD 6 Ч.",
      "rarity": 2,
      "typeId": 9,
      "internalId": 2,
      "count": 6
    },
    {
      "id": 7,
      "cost": 2000,
      "name": "20 000 Р",
      "description": "20 000 Р",
      "rarity": 2,
      "typeId": 2,
      "internalId": 0,
      "count": 20000
    },
    {
      "id": 8,
      "cost": 2200,
      "name": "1500 BP EXP",
      "description": "1500 BP EXP",
      "rarity": 1,
      "typeId": 10,
      "internalId": 0,
      "count": 1500
    },
    {
      "id": 9,
      "cost": 2400,
      "name": "ЕЖЕДНЕВНЫЙ X1",
      "description": "ЕЖЕДНЕВНЫЙ КЕЙС X1",
      "rarity": 1,
      "typeId": 4,
      "internalId": 1,
      "count": 1
    },
    {
      "id": 10,
      "cost": 2600,
      "name": "Ртуть",
      "description": "Ртуть",
      "rarity": 4,
      "typeId": 11,
      "internalId": 134,
      "count": 5882,
      "typeReward": 1,
      "imageName": "img_5882.png"
    },
    {
      "id": 11,
      "cost": 2800,
      "name": "15 BC",
      "description": "15 BC",
      "rarity": 2,
      "typeId": 3,
      "internalId": 0,
      "count": 15
    },
    {
      "id": 12,
      "cost": 3000,
      "name": "5 EXP",
      "description": "5 EXP",
      "rarity": 2,
      "typeId": 1,
      "internalId": 0,
      "count": 5
    },
    {
      "id": 13,
      "cost": 3200,
      "name": "1500 BP EXP",
      "description": "1500 BP EXP",
      "rarity": 1,
      "typeId": 10,
      "internalId": 0,
      "count": 1500
    },
    {
      "id": 14,
      "cost": 3400,
      "name": "X30 ПЫЛЬ",
      "description": "X30 ПЫЛЬ",
      "rarity": 1,
      "typeId": 21,
      "internalId": 0,
      "count": 30
    },
    {
      "id": 15,
      "cost": 3600,
      "name": "БОМЖА X1",
      "description": "КЕЙС БОМЖА X1",
      "rarity": 4,
      "typeId": 4,
      "internalId": 2,
      "count": 1,
      "typeReward": 1
    },
    {
      "id": 16,
      "cost": 3800,
      "name": "GOLD 12 Ч.",
      "description": "VIP GOLD 12 Ч.",
      "rarity": 2,
      "typeId": 9,
      "internalId": 2,
      "count": 12
    },
    {
      "id": 17,
      "cost": 4000,
      "name": "30 000 Р",
      "description": "30 000 Р",
      "rarity": 2,
      "typeId": 2,
      "internalId": 0,
      "count": 30000
    },
    {
      "id": 18,
      "cost": 4200,
      "name": "2000 BP EXP",
      "description": "2000 BP EXP",
      "rarity": 1,
      "typeId": 10,
      "internalId": 0,
      "count": 2000
    },
    {
      "id": 19,
      "cost": 4400,
      "name": "БОМЖА X1",
      "description": "КЕЙС БОМЖА X1",
      "rarity": 1,
      "typeId": 4,
      "internalId": 2,
      "count": 1
    },
    {
      "id": 20,
      "cost": 4600,
      "name": "SnakeSkin",
      "description": "Жилет SnakeSkin",
      "rarity": 4,
      "typeId": 11,
      "internalId": 948,
      "count": 1,
      "typeReward": 1,
      "imageName": "img_14790.png"
    },
    {
      "id": 21,
      "cost": 4800,
      "name": "20 BC",
      "description": "20 BC",
      "rarity": 2,
      "typeId": 3,
      "internalId": 0,
      "count": 20
    },
    {
      "id": 22,
      "cost": 5000,
      "name": "10 EXP",
      "description": "10 EXP",
      "rarity": 2,
      "typeId": 1,
      "internalId": 0,
      "count": 10
    },
    {
      "id": 23,
      "cost": 5200,
      "name": "2000 BP EXP",
      "description": "2000 BP EXP",
      "rarity": 1,
      "typeId": 10,
      "internalId": 0,
      "count": 2000
    },
    {
      "id": 24,
      "cost": 5400,
      "name": "X30 ПЫЛЬ",
      "description": "X30 ПЫЛЬ",
      "rarity": 1,
      "typeId": 21,
      "internalId": 0,
      "count": 30
    },
    {
      "id": 25,
      "cost": 5600,
      "name": "БОМЖА X1",
      "description": "КЕЙС БОМЖА X1",
      "rarity": 4,
      "typeId": 4,
      "internalId": 2,
      "count": 1,
      "typeReward": 1
    },
    {
      "id": 26,
      "cost": 5800,
      "name": "GOLD 1 Д.",
      "description": "VIP GOLD 1 Д.",
      "rarity": 2,
      "typeId": 9,
      "internalId": 2,
      "count": 24
    },
    {
      "id": 27,
      "cost": 6000,
      "name": "100 000 Р",
      "description": "100 000 Р",
      "rarity": 1,
      "typeId": 2,
      "internalId": 0,
      "count": 100000
    },
    {
      "id": 28,
      "cost": 6200,
      "name": "2500 BP EXP",
      "description": "2500 BP EXP",
      "rarity": 1,
      "typeId": 10,
      "internalId": 0,
      "count": 2500
    },
    {
      "id": 29,
      "cost": 6400,
      "name": "БОМЖА X1",
      "description": "КЕЙС БОМЖА X1",
      "rarity": 1,
      "typeId": 4,
      "internalId": 2,
      "count": 1
    },
    {
      "id": 30,
      "cost": 6700,
      "name": "Suzuki",
      "nameStore": "Suzu 1100G",
      "description": "Suzuki gsxr1100",
      "descriptionStore": "Suzu 1100G",
      "rarity": 5,
      "typeId": 5,
      "internalId": 741,
      "count": 0,
      "subCount": 40,
      "typeReward": 1,
      "imageName": "img_741.png"
    },
    {
      "id": 31,
      "cost": 7000,
      "name": "25 BC",
      "description": "25 BC",
      "rarity": 2,
      "typeId": 3,
      "internalId": 0,
      "count": 25
    },
    {
      "id": 32,
      "cost": 7300,
      "name": "10 EXP",
      "description": "10 EXP",
      "rarity": 2,
      "typeId": 1,
      "internalId": 0,
      "count": 10
    },
    {
      "id": 33,
      "cost": 7600,
      "name": "3000 BP EXP",
      "description": "3000 BP EXP",
      "rarity": 1,
      "typeId": 10,
      "internalId": 0,
      "count": 3000
    },
    {
      "id": 34,
      "cost": 7900,
      "name": "X50 ПЫЛЬ",
      "description": "X50 ПЫЛЬ",
      "rarity": 1,
      "typeId": 21,
      "internalId": 0,
      "count": 50
    },
    {
      "id": 35,
      "cost": 8200,
      "name": "БОМЖА X2",
      "description": "КЕЙС БОМЖА X2",
      "rarity": 4,
      "typeId": 4,
      "internalId": 2,
      "count": 2,
      "typeReward": 1
    },
    {
      "id": 36,
      "cost": 8500,
      "name": "GOLD 1 Д.",
      "description": "VIP GOLD 1 Д.",
      "rarity": 2,
      "typeId": 9,
      "internalId": 2,
      "count": 24
    },
    {
      "id": 37,
      "cost": 8800,
      "name": "200 000 Р",
      "description": "200 000 Р",
      "rarity": 1,
      "typeId": 2,
      "internalId": 0,
      "count": 200000
    },
    {
      "id": 38,
      "cost": 9100,
      "name": "СТАНДАРТНЫЙ X1",
      "description": "СТАНДАРТНЫЙ КЕЙС X1",
      "rarity": 4,
      "typeId": 4,
      "internalId": 3,
      "count": 1,
      "typeReward": 1
    },
    {
      "id": 39,
      "cost": 9400,
      "name": "БОМЖА X1",
      "description": "КЕЙС БОМЖА X1",
      "rarity": 1,
      "typeId": 4,
      "internalId": 2,
      "count": 1
    },
    {
      "id": 40,
      "cost": 9700,
      "name": "Роберт",
      "description": "Роберт Мрак",
      "rarity": 4,
      "typeId": 11,
      "internalId": 134,
      "count": 5883,
      "typeReward": 1,
      "imageName": "img_5883.png"
    },
    {
      "id": 41,
      "cost": 10000,
      "name": "40 BC",
      "description": "40 BC",
      "rarity": 2,
      "typeId": 3,
      "internalId": 0,
      "count": 40
    },
    {
      "id": 42,
      "cost": 10300,
      "name": "20 EXP",
      "description": "20 EXP",
      "rarity": 2,
      "typeId": 1,
      "internalId": 0,
      "count": 20
    },
    {
      "id": 43,
      "cost": 10600,
      "name": "3000 BP EXP",
      "description": "3000 BP EXP",
      "rarity": 1,
      "typeId": 10,
      "internalId": 0,
      "count": 3000
    },
    {
      "id": 44,
      "cost": 10900,
      "name": "X50 ПЫЛЬ",
      "description": "X50 ПЫЛЬ",
      "rarity": 1,
      "typeId": 21,
      "internalId": 0,
      "count": 50
    },
    {
      "id": 45,
      "cost": 11200,
      "name": "КЕЙС ДРАЙВ X1",
      "description": "КЕЙС: ДРАЙВ X1",
      "rarity": 4,
      "typeId": 4,
      "internalId": 8,
      "count": 1,
      "typeReward": 1
    },
    {
      "id": 46,
      "cost": 11500,
      "name": "PLATINUM 12 Ч.",
      "description": "VIP PLATINUM НА 12 Ч.",
      "rarity": 2,
      "typeId": 9,
      "internalId": 3,
      "count": 12
    },
    {
      "id": 47,
      "cost": 11800,
      "name": "300 000 Р",
      "description": "300 000 Р",
      "rarity": 1,
      "typeId": 2,
      "internalId": 0,
      "count": 300000
    },
    {
      "id": 48,
      "cost": 12100,
      "name": "КЕЙС ДРАЙВ X1",
      "description": "КЕЙС: ДРАЙВ X1",
      "rarity": 4,
      "typeId": 4,
      "internalId": 8,
      "count": 1,
      "typeReward": 1
    },
    {
      "id": 49,
      "cost": 12400,
      "name": "БОМЖА X1",
      "description": "КЕЙС БОМЖА X1",
      "rarity": 1,
      "typeId": 4,
      "internalId": 2,
      "count": 1
    },
    {
      "id": 50,
      "cost": 12700,
      "name": "Toyota",
      "nameStore": "Celelica",
      "description": "Toyota Celica",
      "descriptionStore": "Celelica",
      "rarity": 5,
      "typeId": 5,
      "internalId": 739,
      "count": 0,
      "subCount": 41,
      "typeReward": 1,
      "imageName": "img_739.png"
    },
    {
      "id": 51,
      "cost": 1000,
      "name": "30 000 Р",
      "description": "30 000 Р",
      "rarity": 2,
      "typeId": 2,
      "internalId": 0,
      "count": 30000
    }
  ],
  "LimitUpgrades": [
    {
      "id": 0,
      "multEventRes": 1,
      "limitEventRes": 1000
    },
    {
      "id": 1,
      "multEventRes": 1.1,
      "limitEventRes": 1050,
      "costSoft": 10000,
      "eventResGift": 200
    },
    {
      "id": 2,
      "multEventRes": 1.2,
      "limitEventRes": 1100,
      "costSoft": 13000,
      "eventResGift": 250
    },
    {
      "id": 3,
      "multEventRes": 1.3,
      "limitEventRes": 1150,
      "costSoft": 17000,
      "eventResGift": 350
    },
    {
      "id": 4,
      "multEventRes": 1.4,
      "limitEventRes": 1200,
      "costSoft": 21000,
      "eventResGift": 450
    },
    {
      "id": 5,
      "multEventRes": 1.5,
      "limitEventRes": 1250,
      "costSoft": 25000,
      "eventResGift": 550
    },
    {
      "id": 6,
      "multEventRes": 1.6,
      "limitEventRes": 1300,
      "costSoft": 29000,
      "eventResGift": 650
    },
    {
      "id": 7,
      "multEventRes": 1.7,
      "limitEventRes": 1350,
      "costSoft": 34000,
      "eventResGift": 750
    },
    {
      "id": 8,
      "multEventRes": 1.8,
      "limitEventRes": 1400,
      "costSoft": 38000,
      "eventResGift": 850
    },
    {
      "id": 9,
      "multEventRes": 1.9,
      "limitEventRes": 1450,
      "costSoft": 44000,
      "eventResGift": 950
    },
    {
      "id": 10,
      "multEventRes": 2,
      "limitEventRes": 1500,
      "costSoft": 49000,
      "eventResGift": 1050
    },
    {
      "id": 11,
      "multEventRes": 2.1,
      "limitEventRes": 1600,
      "costSoft": 55000,
      "eventResGift": 1200
    },
    {
      "id": 12,
      "multEventRes": 2.2,
      "limitEventRes": 1700,
      "costSoft": 60000,
      "eventResGift": 1300
    },
    {
      "id": 13,
      "multEventRes": 2.3,
      "limitEventRes": 1800,
      "costSoft": 67000,
      "eventResGift": 1400
    },
    {
      "id": 14,
      "multEventRes": 2.4,
      "limitEventRes": 1900,
      "costSoft": 73000,
      "eventResGift": 1550
    },
    {
      "id": 15,
      "multEventRes": 2.5,
      "limitEventRes": 2000,
      "costSoft": 80000,
      "eventResGift": 1650
    },
    {
      "id": 16,
      "multEventRes": 2.6,
      "limitEventRes": 2100,
      "costSoft": 88000,
      "eventResGift": 1800
    },
    {
      "id": 17,
      "multEventRes": 2.7,
      "limitEventRes": 2200,
      "costSoft": 96000,
      "eventResGift": 1900
    },
    {
      "id": 18,
      "multEventRes": 2.8,
      "limitEventRes": 2300,
      "costSoft": 104000,
      "eventResGift": 2050
    },
    {
      "id": 19,
      "multEventRes": 2.9,
      "limitEventRes": 2400,
      "costSoft": 113000,
      "eventResGift": 2200
    },
    {
      "id": 20,
      "multEventRes": 3,
      "limitEventRes": 2500,
      "costSoft": 122000,
      "eventResGift": 2350
    },
    {
      "id": 21,
      "multEventRes": 3.1,
      "limitEventRes": 2600,
      "costSoft": 132000,
      "eventResGift": 2500
    },
    {
      "id": 22,
      "multEventRes": 3.2,
      "limitEventRes": 2700,
      "costSoft": 142000,
      "eventResGift": 2650
    },
    {
      "id": 23,
      "multEventRes": 3.3,
      "limitEventRes": 2800,
      "costSoft": 153000,
      "eventResGift": 2800
    },
    {
      "id": 24,
      "multEventRes": 3.4,
      "limitEventRes": 2900,
      "costSoft": 165000,
      "eventResGift": 2950
    },
    {
      "id": 25,
      "multEventRes": 3.5,
      "limitEventRes": 3000,
      "costSoft": 177000,
      "eventResGift": 3100
    },
    {
      "id": 26,
      "multEventRes": 3.6,
      "limitEventRes": 3100,
      "costSoft": 190000,
      "eventResGift": 3300
    },
    {
      "id": 27,
      "multEventRes": 3.7,
      "limitEventRes": 3200,
      "costSoft": 204000,
      "eventResGift": 3450
    },
    {
      "id": 28,
      "multEventRes": 3.8,
      "limitEventRes": 3300,
      "costSoft": 218000,
      "eventResGift": 3650
    },
    {
      "id": 29,
      "multEventRes": 3.9,
      "limitEventRes": 3400,
      "costSoft": 234000,
      "eventResGift": 3800
    },
    {
      "id": 30,
      "multEventRes": 4,
      "limitEventRes": 3500,
      "costSoft": 250000,
      "eventResGift": 4000
    }
  ],
  "RatingRewards": [
    {
      "id": 1,
      "name": "Audi R8 LMS GT2",
      "nameStore": "Aura R8 GT",
      "rarity": 5,
      "typeId": 5,
      "internalId": 740,
      "count": 0,
      "subCount": 42,
      "imageName": "img_740.png"
    },
    {
      "id": 2,
      "name": "Audi R8 LMS GT2",
      "nameStore": "Aura R8 GT",
      "rarity": 5,
      "typeId": 5,
      "internalId": 740,
      "count": 0,
      "subCount": 42,
      "imageName": "img_740.png"
    },
    {
      "id": 3,
      "name": "Audi R8 LMS GT2",
      "nameStore": "Aura R8 GT",
      "rarity": 5,
      "typeId": 5,
      "internalId": 740,
      "count": 0,
      "subCount": 42,
      "imageName": "img_740.png"
    },
    {
      "id": 4,
      "name": "Audi R8 LMS GT2",
      "nameStore": "Aura R8 GT",
      "rarity": 5,
      "typeId": 5,
      "internalId": 740,
      "count": 0,
      "subCount": 42,
      "imageName": "img_740.png"
    },
    {
      "id": 5,
      "name": "Audi R8 LMS GT2",
      "nameStore": "Aura R8 GT",
      "rarity": 5,
      "typeId": 5,
      "internalId": 740,
      "count": 0,
      "subCount": 42,
      "imageName": "img_740.png"
    },
    {
      "id": 6,
      "name": "Молния Максим",
      "rarity": 4,
      "typeId": 11,
      "internalId": 134,
      "count": 6881,
      "imageName": "img_6881.png"
    },
    {
      "id": 7,
      "name": "Молния Максим",
      "rarity": 4,
      "typeId": 11,
      "internalId": 134,
      "count": 6881,
      "imageName": "img_6881.png"
    },
    {
      "id": 8,
      "name": "Молния Максим",
      "rarity": 4,
      "typeId": 11,
      "internalId": 134,
      "count": 6881,
      "imageName": "img_6881.png"
    },
    {
      "id": 9,
      "name": "Молния Максим",
      "rarity": 4,
      "typeId": 11,
      "internalId": 134,
      "count": 6881,
      "imageName": "img_6881.png"
    },
    {
      "id": 10,
      "name": "Молния Максим",
      "rarity": 4,
      "typeId": 11,
      "internalId": 134,
      "count": 6881,
      "imageName": "img_6881.png"
    },
    {
      "id": 11,
      "name": "Молния Максим",
      "rarity": 4,
      "typeId": 11,
      "internalId": 134,
      "count": 6881,
      "imageName": "img_6881.png"
    },
    {
      "id": 12,
      "name": "Молния Максим",
      "rarity": 4,
      "typeId": 11,
      "internalId": 134,
      "count": 6881,
      "imageName": "img_6881.png"
    },
    {
      "id": 13,
      "name": "Голова Монстра",
      "rarity": 4,
      "typeId": 11,
      "internalId": 949,
      "count": 1,
      "imageName": "img_14791.png"
    },
    {
      "id": 14,
      "name": "Голова Монстра",
      "rarity": 4,
      "typeId": 11,
      "internalId": 949,
      "count": 1,
      "imageName": "img_14791.png"
    },
    {
      "id": 15,
      "name": "Голова Монстра",
      "rarity": 4,
      "typeId": 11,
      "internalId": 949,
      "count": 1,
      "imageName": "img_14791.png"
    },
    {
      "id": 16,
      "name": "Голова Монстра",
      "rarity": 4,
      "typeId": 11,
      "internalId": 949,
      "count": 1,
      "imageName": "img_14791.png"
    },
    {
      "id": 17,
      "name": "Голова Монстра",
      "rarity": 4,
      "typeId": 11,
      "internalId": 949,
      "count": 1,
      "imageName": "img_14791.png"
    },
    {
      "id": 18,
      "name": "Голова Монстра",
      "rarity": 4,
      "typeId": 11,
      "internalId": 949,
      "count": 1,
      "imageName": "img_14791.png"
    },
    {
      "id": 19,
      "name": "Голова Монстра",
      "rarity": 4,
      "typeId": 11,
      "internalId": 949,
      "count": 1,
      "imageName": "img_14791.png"
    },
    {
      "id": 20,
      "name": "Голова Монстра",
      "rarity": 4,
      "typeId": 11,
      "internalId": 949,
      "count": 1,
      "imageName": "img_14791.png"
    }
  ],
  "Tasks": [
    {
      "id": 1,
      "typeId": 1,
      "typeName": "Особое",
      "description": "Прокачайте BlackPass до 10 уровня",
      "requirementDescription": "Прокачено:",
      "count": 10,
      "award": 10000,
      "typeBtn": 3
    },
    {
      "id": 2,
      "typeId": 1,
      "typeName": "Особое",
      "description": "Купите BlackPass",
      "requirementDescription": "Куплено:",
      "count": 1,
      "award": 10000,
      "typeBtn": 3
    },
    {
      "id": 3,
      "typeId": 1,
      "typeName": "Особое",
      "description": "Откройте 10 кейсов события",
      "requirementDescription": "Открыто:",
      "count": 10,
      "award": 15000,
      "typeBtn": 4
    },
    {
      "id": 4,
      "typeId": 1,
      "typeName": "Особое",
      "description": "Сыграйте в мини игры события 20 раз",
      "requirementDescription": "Сыграно:",
      "count": 20,
      "award": 5000,
      "typeBtn": 5
    },
    {
      "id": 5,
      "typeId": 1,
      "typeName": "Особое",
      "description": "Заработайте 100 000 Елочных шаров",
      "requirementDescription": "Заработано:",
      "count": 100000,
      "award": 5000,
      "typeBtn": 5
    },
    {
      "id": 6,
      "typeId": 1,
      "typeName": "Особое",
      "description": "Потратьте 10 000 BC",
      "requirementDescription": "Потрачено:",
      "count": 10000,
      "award": 10000,
      "typeBtn": 2
    },
    {
      "id": 7,
      "typeId": 2,
      "typeName": "Ежедневное",
      "description": "Сыграйте в любую мини игру события 1 раз",
      "requirementDescription": "Сыграно:",
      "count": 1,
      "award": 500,
      "typeBtn": 5
    },
    {
      "id": 8,
      "typeId": 2,
      "typeName": "Ежедневное",
      "description": "Посетите зону Новогодней елки",
      "requirementDescription": "Посещено:",
      "count": 1,
      "award": 400,
      "routeId": 111,
      "typeBtn": 1
    },
    {
      "id": 9,
      "typeId": 2,
      "typeName": "Ежедневное",
      "description": "Войдите в ТОП-4 игроков в мини игре Парад гонок",
      "requirementDescription": "Достигнуто:",
      "count": 1,
      "award": 500,
      "typeBtn": 5
    },
    {
      "id": 10,
      "typeId": 2,
      "typeName": "Ежедневное",
      "description": "Войдите в ТОП-5 игроков в мини игре Ледовое падение 2",
      "requirementDescription": "Прогресс:",
      "count": 1,
      "award": 500,
      "typeBtn": 5
    },
    {
      "id": 11,
      "typeId": 2,
      "typeName": "Ежедневное",
      "description": "Выиграйте в мини игре Зимняя охота 1 раз",
      "requirementDescription": "Прогресс:",
      "count": 1,
      "award": 400,
      "typeBtn": 5
    },
    {
      "id": 12,
      "typeId": 2,
      "typeName": "Ежедневное",
      "description": "Прокачайте 1 уровень BLACK PASS",
      "requirementDescription": "Прокачено:",
      "count": 1,
      "award": 300,
      "typeBtn": 3
    }
  ],
  "MiniGames": [
    {
      "id": 1,
      "playable": 1,
      "name": "Парад Гонок",
      "imageName": "img_minigame_1.png"
    },
    {
      "id": 2,
      "playable": 1,
      "name": "Ледовое Падение 2",
      "imageName": "img_minigame_2.png"
    },
    {
      "id": 3,
      "playable": 1,
      "name": "Зимняя Охота",
      "imageName": "img_minigame_3.png"
    }
  ],
  "Tutorial": [
    {
      "id": 1,
      "header": "<font color=\"#FFC700\">Новогодняя елка</font>",
      "imageName": "img_event_tutorial_1.png",
      "description": "<font color=\"#FFC700\">Новогодняя елка</font> будет развиваться и расти по мере того, как вы выполняете задания, участвуете в мини играх события и зарабатываете <font color=\"#FFC700\">Елочные шары</font>. За каждый уровень Вы получите ценную награду.<br> <font color=\"#E2310C\">Важно:</font> Заработать <font color=\"#FFC700\"> Елочные шары</font> можно только играя во время события <font color=\"#FFC700\">Новогодний драйв</font>."
    },
    {
      "id": 2,
      "header": "<font color=\"#FFC700\">Рейтинг</font>",
      "imageName": "img_event_tutorial_2.png",
      "description": "Зарабатывайте<font color=\"#FFC700\"> Елочные шары</font>, чтобы получать очки рейтинга. Чем выше Ваше положение в таблице рейтинга, тем ценнее награды Вы можете получить.<br><font color=\"#E2310C\">Важно:</font> все награды рейтинга <font color=\"#FFC700\">уникальные</font>, и выдаются в конце события."
    },
    {
      "id": 3,
      "header": "<font color=\"#FFC700\">Задания</font>",
      "imageName": "img_event_tutorial_3.png",
      "description": "Выполняйте <font color=\"#FFC700\">Ежедневные</font> и <font color=\"#FFC700\">Особые</font> задания и получайте <font color=\"#FFC700\">Елочные шары</font> для улучшения своей <font color=\"#FFC700\">Новогодней елки</font>.<br> <font color=\"#E2310C\">Важно:</font> <font color=\"#FFC700\">Ежедневные</font> задания обновляются каждый день. <font color=\"#FFC700\">Особые</font> задания выполняются один раз за все событие. Благодаря ним вы можете заработать сразу большое количество <font color=\"#FFC700\">Елочных шаров</font>."
    },
    {
      "id": 4,
      "header": "<font color=\"#FFC700\">Мини игры</font>",
      "imageName": "img_event_tutorial_4.png",
      "description": "Мини игры — это особые активности, доступные <font color=\"#FFC700\">только во время события</font>. Играя в них, вы зарабатываете <font color=\"#FFC700\">Елочные шары</font>.<br> Дневной лимит <font color=\"#FFC700\">Елочных шаров</font> с мини игр можно увеличить, чтобы зарабатывать больше <font color=\"#FFC700\">Елочных шаров</font>. <br><br><font color=\"#E2310C\">Важно:</font> благодаря <font color=\"#FFC700\">BLACK PASS Premium</font> вы сможете сильно увеличить свой лимит <font color=\"#FFC700\">Елочных шаров</font>,<br> и быстрее получить <font color=\"#FFC700\">уникальные призы</font>."
    },
    {
      "id": 5,
      "header": "<font color=\"#FFC700\">Кейсы</font>",
      "imageName": "img_event_tutorial_5.png",
      "description": "Открывайте <font color=\"#FFC700\"> Кейсы события</font>!<br>Помимо уникальных наград, вы можете получить еще больше <font color=\"#FFC700\">Елочных шаров</font> для улучшения своей <font color=\"#FFC700\">Новогодней елки</font>."
    }
  ]
}