[{"nickname": "Egor_Sharov"}, {"nickname": "Grand_Persona"}, {"nickname": "Sander_Kligan"}, {"nickname": "Lev_Kalashnikov"}, {"nickname": "Youtube_Manager"}, {"nickname": "Black_Boss"}, {"nickname": "Alex_Hell"}, {"nickname": "Marlon_Monroe"}, {"nickname": "Mad_Mad"}, {"nickname": "Simba_Morozovae"}, {"nickname": "Kolya_Agressor"}, {"nickname": "Tigr_Makaka"}, {"nickname": "Gutak_Yupi"}, {"nickname": "Beast_Gaming"}, {"nickname": "Shawty_Triad"}, {"nickname": "Bruno_Cardoso"}, {"nickname": "Kenan_Agressor"}, {"nickname": "Thomas_Harada"}, {"nickname": "Enzi_Cooper"}, {"nickname": "Richard_Rediskin"}, {"nickname": "Santy_Louston"}, {"nickname": "Jonny_Maff"}, {"nickname": "Daniil_Katanov"}, {"nickname": "Rick_Deadpools"}, {"nickname": "Vlad_Vidoc"}, {"nickname": "Eldarbek_Shym"}, {"nickname": "Tony_Drefich"}, {"nickname": "Bad_Boev"}, {"nickname": "Soslan_Genius"}, {"nickname": "John_Reflex"}, {"nickname": "Vitalya_Stark"}, {"nickname": "Dima_Tigrov"}, {"nickname": "Dancho_Pancho"}, {"nickname": "Bloody_Kibutsuji"}, {"nickname": "Maxim_Ryazantsev"}, {"nickname": "Thomas_Emperor"}, {"nickname": "Aleksandr_Bellov"}, {"nickname": "Chplink_Tatarin"}, {"nickname": "Jackson_Storm"}, {"nickname": "Gangster_Legenda"}, {"nickname": "Promo_Travis"}, {"nickname": "Mad_Versace"}, {"nickname": "Stas_Saint"}, {"nickname": "Kirill_Tetyv"}, {"nickname": "Ryder_Wilson"}, {"nickname": "Skyrix_Skammer"}, {"nickname": "Katya_Kat"}, {"nickname": "Vanya_Veklich"}, {"nickname": "Nick_Name"}, {"nickname": "Filip_Liga"}, {"nickname": "Dmitry_Zloy"}, {"nickname": "Vladislav_Smouk"}, {"nickname": "Kostika_Ivanovich"}, {"nickname": "Dex_Qazaqbai"}, {"nickname": "Kirill_Zapad"}, {"nickname": "Pablo_Karimov"}, {"nickname": "Brawl_Guy"}, {"nickname": "Dyshman_Vgorode"}, {"nickname": "Alisher_Alievich"}, {"nickname": "Erhan_Best"}, {"nickname": "Martin_Wilston"}, {"nickname": "Samroull_Melanshon"}, {"nickname": "Nurda_Jerry"}, {"nickname": "Ibragim_Ryan"}, {"nickname": "Alexandro_Mongano"}, {"nickname": "Kevin_Dollars"}, {"nickname": "Dima_Ice"}, {"nickname": "Qazyna_TikTok"}, {"nickname": "Nox_Noxichev"}, {"nickname": "Snickers_TikTok"}, {"nickname": "Grand_Tesla"}, {"nickname": "Persona_Retro"}, {"nickname": "Haos_Gentleman"}, {"nickname": "Sestal_Dante"}, {"nickname": "Bob_Bobychev"}, {"nickname": "Agent_Freezy"}, {"nickname": "Nurhan_Wolkers"}, {"nickname": "Alik_Rich"}, {"nickname": "Jaden_Kelly"}, {"nickname": "Shaggy_Montana"}, {"nickname": "William_Karpov"}, {"nickname": "Sander_Clinton"}, {"nickname": "Fedysha_Mitchell"}, {"nickname": "Romeo_Crmp"}, {"nickname": "Denis_Burmich"}, {"nickname": "Arnurkins_Muslimov"}, {"nickname": "Oleg_Bublikov"}, {"nickname": "Andy_Richi"}, {"nickname": "Kiza_Sheih"}, {"nickname": "Tim_Tazikov"}, {"nickname": "Ivan_Benovich"}, {"nickname": "Tolik_Topih"}, {"nickname": "Naidle_Havchikov"}, {"nickname": "Jony_Haunted"}, {"nickname": "Haunted_Haunted"}, {"nickname": "Artshi_Hokage"}, {"nickname": "Maks_Evans"}, {"nickname": "Kolya_Fingal"}, {"nickname": "Kerim_Fazer"}, {"nickname": "Zhenya_Marlov"}, {"nickname": "Zogo_Asanov"}, {"nickname": "Alex_Slobozh"}, {"nickname": "Letsy_Spaces"}, {"nickname": "Guss_Tornadovich"}, {"nickname": "Timur_Maylow"}, {"nickname": "Dmitry_Rotan"}, {"nickname": "Pavel_Mortan"}, {"nickname": "Vladimir_Benz"}, {"nickname": "Tema_Pafos"}, {"nickname": "Destructiv_Destructiv"}, {"nickname": "Claus_Feendov"}, {"nickname": "Moshkin_Turismo"}, {"nickname": "Maksim_Maksimych"}, {"nickname": "Vlad_Croups"}, {"nickname": "Jony_Tenside"}, {"nickname": "Kirill_Zikalov"}, {"nickname": "Ilya_Novet"}, {"nickname": "Keoner_Hestli"}, {"nickname": "Keoner_TikTok"}, {"nickname": "Alexey_TikTok"}, {"nickname": "Alan_Kuertov"}, {"nickname": "Tyler_Choppa"}, {"nickname": "Christopher_Flannery"}, {"nickname": "Jordan_Majorka"}, {"nickname": "Wegraff_Faraday"}, {"nickname": "Dima_Gaydarov"}, {"nickname": "Danil_Orskiy"}, {"nickname": "Qazyna_Taraz"}, {"nickname": "Snickers_Joonling"}, {"nickname": "Abo_Manroe"}, {"nickname": "Dmitry_Tarantino"}, {"nickname": "Martin_Gapparov"}, {"nickname": "Mirty_Snake"}, {"nickname": "Dmitriy_Forbes"}, {"nickname": "Walter_Rivera"}, {"nickname": "Norbis_Tester"}, {"nickname": "Twizzlix_Lanore"}, {"nickname": "Martag_Majorka"}, {"nickname": "Erkosh_Xan"}, {"nickname": "Marlon_Marlon"}, {"nickname": "Promo_Marlon"}, {"nickname": "Bobik_Fas"}, {"nickname": "Promo_Guss"}, {"nickname": "Guss_YouTube"}, {"nickname": "Guss_TikTok"}, {"nickname": "Dmitry_Dmitry"}, {"nickname": "Dima_Yakimov"}, {"nickname": "Mercy_Mercy"}, {"nickname": "Promo_Nice"}, {"nickname": "Erhan_Tiktoker"}, {"nickname": "Pablo_Tvink"}, {"nickname": "Actor_Beast"}, {"nickname": "Adikus_Youtube"}, {"nickname": "\u0001"}, {"nickname": "Angel_Richmand"}, {"nickname": "Alexandr_Sunshine"}, {"nickname": "Amir_Muslimov"}, {"nickname": "Arnurkins_Youtube"}, {"nickname": "Bemj_Youtuber"}, {"nickname": "Promo_Nox"}, {"nickname": "Qwerty_Melanshonovich"}, {"nickname": "Small_Louston"}, {"nickname": "Jastik_Louston "}, {"nickname": "Finnik_Louston"}, {"nickname": "Alex_Jopik"}, {"nickname": "Promo_Shaggy "}, {"nickname": "Mirty_Snakee"}, {"nickname": "Mirty_Delaesh"}, {"nickname": "Justin_Ryan"}, {"nickname": "Gangster_Gangster"}, {"nickname": "Tvink_Moroz"}, {"nickname": "Dex_Dex"}, {"nickname": "Ryder_Tvink"}, {"nickname": "Ryder_Tiktok"}, {"nickname": "Qazyna_Richman"}, {"nickname": "Beka_Beka"}, {"nickname": "Snickers_Moonlight"}, {"nickname": "Dima_Vogas"}, {"nickname": "Vlad_Vogas"}, {"nickname": "Actor_Deadpools"}, {"nickname": "Bomj_Deadpols"}, {"nickname": "Tayler_Mortan"}, {"nickname": "Fedysha_Wengallbi"}, {"nickname": "Fedysha_Fedysha"}, {"nickname": "Admin_Krytoi"}, {"nickname": "Kalcor_Extazzy"}, {"nickname": "Charlie_Vlasov"}, {"nickname": "Semen_Igonkin"}, {"nickname": "Moshkin_Twink"}, {"nickname": "Tommy_Jerry"}, {"nickname": "Tony_Stark"}, {"nickname": "Benz_Squad"}, {"nickname": "Cometto_Emperor"}, {"nickname": "Jonny_Emperor"}, {"nickname": "Kirill_Persona"}, {"nickname": "Kirill_Zika"}, {"nickname": "Dimashok_T"}, {"nickname": "Yura_Drefich"}, {"nickname": "Kevin_Levron"}, {"nickname": "Memchik_Gta"}, {"nickname": "Biba_Moscowski"}, {"nickname": "Artur_Pedro"}, {"nickname": "Grand_Junior"}, {"nickname": "Cosmos_TT"}, {"nickname": "Xudsaik_Kosmonov"}, {"nickname": "Biba_Boba"}, {"nickname": "Egor_Lepsov"}, {"nickname": "Svatoslav_Rockstar"}, {"nickname": "Egorka_Favorite"}, {"nickname": "Van_Chik"}, {"nickname": "Aka_White"}, {"nickname": "Dimashok_Kazakh"}, {"nickname": "Bounty_Pups"}, {"nickname": "Flawio_Moscowski"}, {"nickname": "Steven_Benzo"}, {"nickname": "Shawty_Jerry"}, {"nickname": "Xudsaik_TikTok"}, {"nickname": "Ilya_Armonik"}, {"nickname": "Diss_Falk"}, {"nickname": "Vishnya_Vishnev"}, {"nickname": "Alexandr_Blackboy"}, {"nickname": "Nestor_Shilo"}, {"nickname": "Promo_Moroz"}, {"nickname": "Tesla_Gils"}, {"nickname": "Dancho_Potato, Dancho_Po"}, {"nickname": "Bagi_Tiktok "}, {"nickname": "Dmitry_Kind"}, {"nickname": "Banan_Bananovich"}, {"nickname": "Anton_Moscowski"}, {"nickname": "Mr_Kuertov"}, {"nickname": "Black_Kuertov "}, {"nickname": "Lucky_Philip"}, {"nickname": "Egorius_Pringles"}, {"nickname": "Evans_Actor"}, {"nickname": "Evans_Evans "}, {"nickname": "Dark_King"}, {"nickname": "Nubik_Play"}, {"nickname": "Skiper_Sheih"}, {"nickname": "Cago_Sheih"}, {"nickname": "Ded_Sheih"}, {"nickname": "Maga_Sheih"}, {"nickname": "Kolya_TikTok "}, {"nickname": "Captain _Price"}, {"nickname": "Ghost_Riley"}, {"nickname": "Bloody_Arab"}, {"nickname": "Svatoslav_Watson"}, {"nickname": "Roma_Poma"}, {"nickname": "Dancho_Potato"}, {"nickname": "Dancho_Popcorn"}, {"nickname": "Tetyv_Twink"}, {"nickname": "Ivan_Ivanov"}, {"nickname": "Stepka_Petrov"}, {"nickname": "Stepan_Colov"}, {"nickname": "Floxy_Timov"}, {"nickname": "Smoker_Smouk"}, {"nickname": "Deniska_Medvedew"}, {"nickname": "Anton_Logarov"}, {"nickname": "Nikitos_Chmirinos"}, {"nickname": "Bebra_Nyuh"}, {"nickname": "Aibar_Zhumabaev"}, {"nickname": "Difisa_King"}, {"nickname": "Roman_Shukailo"}, {"nickname": "Haos_Haos"}, {"nickname": "Mekcy_Sergeevich"}, {"nickname": "Promo_Gangster"}, {"nickname": "Gangster_Youtube"}, {"nickname": "Claus_TikTok"}, {"nickname": "Claus_Blogger"}, {"nickname": "Claus_Youtube"}, {"nickname": "Oleg_Yrodd"}, {"nickname": "Bubl_Gym"}, {"nickname": "Nurda_Tvink"}, {"nickname": "Bad_Boy"}, {"nickname": "Yupi_Yupi"}, {"nickname": "Erkosh_Tvink"}, {"nickname": "Oleg_Olegovich"}, {"nickname": "Kevin_Media"}, {"nickname": "Depo_Boulevard"}, {"nickname": "Diego_Larin"}, {"nickname": "Bounty_Capone"}, {"nickname": "Huego_Deneg"}, {"nickname": "Alina_Panina"}, {"nickname": "Promo_Zapad"}, {"nickname": "Bagi_Promo"}, {"nickname": "Mark_Potov"}, {"nickname": "Akroniks_Hatake"}, {"nickname": "Alexandr_Marks"}, {"nickname": "Kirill_Wenorain"}, {"nickname": "Romeo_Marlboro"}, {"nickname": "Kostya_Belik"}, {"nickname": "Artem_Lineechkin"}, {"nickname": "Mikky_Mause"}, {"nickname": "Artem_Fergusen"}, {"nickname": "Gara_Cizuru"}, {"nickname": "Phoenix_Unicorn"}, {"nickname": "Maximillian_Miller"}, {"nickname": "Nikita_Porodko"}, {"nickname": "Yellow_Yellow"}, {"nickname": "Demon_Demov"}, {"nickname": "Alexander_Borisenko"}, {"nickname": "Guber_Nator"}, {"nickname": "Vlad_Rogue"}, {"nickname": "Jonny_maff"}, {"nickname": "Mister_kapone"}, {"nickname": "Diaz_Majorka"}, {"nickname": "Chapa_Saint"}, {"nickname": "Diego_Saint"}, {"nickname": "Ivan_Never"}, {"nickname": "Gangster_Batek"}, {"nickname": "Create_Gaming"}, {"nickname": "Travis_Eclipsize"}, {"nickname": "Volodya_Rich"}, {"nickname": "Alexander_White"}, {"nickname": "Bomjara_Mongano"}, {"nickname": "Katsu_Twink"}, {"nickname": "Katsu_Yamamoto"}, {"nickname": "Mars_Relax"}, {"nickname": "Ivan_Yakubin"}, {"nickname": "Vinny_Croupss"}, {"nickname": "Gena_Buba"}, {"nickname": "Vova_Rich"}, {"nickname": "Amiks_Sarovich"}, {"nickname": "Kevin_Gravano"}, {"nickname": "Prince_Kennedy"}, {"nickname": "Ilya_Lebowski"}, {"nickname": "Nosh_Nalem"}, {"nickname": "Albert_Shilo"}, {"nickname": "Goga_Shilo"}, {"nickname": "Valya_Poebotova"}, {"nickname": "Arzik_Twink"}, {"nickname": "Dimon_ Vogas"}, {"nickname": "Tim_Rogue"}, {"nickname": "Floki_Homie"}, {"nickname": "Mars_Tiktok"}, {"nickname": "Arzik_Double"}, {"nickname": "Walter_ Biggest"}, {"nickname": "Luk_Fazer"}, {"nickname": "Tor_Fazer"}, {"nickname": "Ben_Benovich"}, {"nickname": "Kenan_TikTok"}, {"nickname": "Kolya_Helper"}, {"nickname": "Gena_Bazuka"}, {"nickname": "Aliks_Rich"}, {"nickname": "Alik_Kartonov"}, {"nickname": "Leonardo_DiCaprio"}, {"nickname": "Billy_Butcher"}, {"nickname": "Lamberto_Fopps"}, {"nickname": "Kate_Bobowa"}, {"nickname": "Never_Help"}, {"nickname": "Mark_Prosto"}, {"nickname": "Danya_Persin"}, {"nickname": "Jora_Tosh"}, {"nickname": "Edit_Black"}, {"nickname": "Scally_Fuentes"}, {"nickname": "Roman_Tiktok"}, {"nickname": "Legush_Legushev"}, {"nickname": "Amir_Wellow"}, {"nickname": "Mr_Chaser"}, {"nickname": "Logan_Violent"}, {"nickname": "Clonesy_Dominirov"}, {"nickname": "Haron_Chik"}, {"nickname": "Bagi_Xann"}, {"nickname": "Lev_Leva"}, {"nickname": "Dok_Dokov"}, {"nickname": "Kenzo_Kivasik"}, {"nickname": "Kairat_Nurtass"}, {"nickname": "Edit_Tvink"}, {"nickname": "Promo_Haron"}, {"nickname": "Marka_Kola"}, {"nickname": "Thrasher_Bawana"}, {"nickname": "Nana_Lucky"}, {"nickname": "Kim_Kom"}, {"nickname": "Joker_Miller"}, {"nickname": "Winter_Exotic"}, {"nickname": "Santy_Tayner"}, {"nickname": "Tyler_Durden"}, {"nickname": "Nikola_Shizach"}, {"nickname": "Chaser_Chaser"}, {"nickname": "Tima_Bris"}, {"nickname": "Meison_Fearless"}, {"nickname": "Marketing_A"}, {"nickname": "Legushev_Legushev"}, {"nickname": "Kleyson_Kleysonov"}, {"nickname": "Vitalik_Keks"}, {"nickname": "Shaggy_Sotka"}, {"nickname": "Zinka_Baklanova"}, {"nickname": "Mysor_Maga"}, {"nickname": "Beka_Freeze"}, {"nickname": "Gavin_TikTok"}, {"nickname": "Cristal_Tetyv"}, {"nickname": "Andrew_Murphy"}, {"nickname": "Maksim_Fisher"}, {"nickname": "Kadyrov_Yan"}, {"nickname": "Samurai_Disney"}, {"nickname": "Minato_Borzovsex"}, {"nickname": "Adam_Luiz"}, {"nickname": "Gavin_Tvink"}, {"nickname": "Maxim_Fisher"}, {"nickname": "Tima_Persin"}, {"nickname": "Angell_TikTok"}, {"nickname": "Max_Frunstain"}, {"nickname": "Milkis_Borova"}, {"nickname": "Louis_Violent"}, {"nickname": "Jonni_Freeze"}, {"nickname": "Beast_Twink"}, {"nickname": "Cristal_Twink"}, {"nickname": "Nurislam_Pazylbekov"}, {"nickname": "Temka_Tetric"}, {"nickname": "Nikita_Grachov"}, {"nickname": "Promo_Naidle"}, {"nickname": "Matthew_Moore"}, {"nickname": "Meison_Twink"}, {"nickname": "Freestaylo_Karpov"}, {"nickname": "Cosmos_Lacoste"}, {"nickname": "Gleb_Daa"}, {"nickname": "Kirill_Wenorainq"}, {"nickname": "Tema_Lineechkin"}, {"nickname": "Maximillian_Millerr"}, {"nickname": "Felix_Escobaro"}, {"nickname": "Rauf_Tatarin"}, {"nickname": "Alexey_Tortovich"}, {"nickname": "Danil_Gradient"}, {"nickname": "Ded_White"}, {"nickname": "Fanat_Alfred"}, {"nickname": "Rafael_Westersix"}, {"nickname": "Sam_Sauller"}, {"nickname": "Fleshka_Belyy"}, {"nickname": "Xoltini_Philips"}, {"nickname": "Lexa_Lopata"}, {"nickname": "Tommy_Angels"}, {"nickname": "Kevin_Mitchell"}, {"nickname": "Aleke_Smeet"}, {"nickname": "Ted_Secret"}, {"nickname": "Askhat_Aubert"}, {"nickname": "Wicked_Wollkers"}, {"nickname": "Dimon_Shestichev"}, {"nickname": "Artem_Golds"}, {"nickname": "Milka_Diamond"}, {"nickname": "Vlad_TikTok"}, {"nickname": "Yegor_Burylov"}, {"nickname": "Jayden_Kennedy"}, {"nickname": "Holisos_Venom"}, {"nickname": "Lesha_Bobowa"}, {"nickname": "Qazyna_Tarazsliy"}, {"nickname": "Cops_Black"}, {"nickname": "Lera_Vagina"}, {"nickname": "Sestra_Love"}, {"nickname": "Ded_Manyak"}, {"nickname": "Boss_Mafia"}, {"nickname": "Holisos_Baiter"}, {"nickname": "Shestichev_TikTok"}, {"nickname": "Marsell_Fearsome"}, {"nickname": "Rainik_Designer"}]