{
    "categoriesFilters": [
        {
            "categoryFilterId": 1,
            "categoryFilterName": "Категория",
            "filters": [
            {
                "filterId": 6,
                "filterName": "Ресурсы",
                "iconCDN": "ic_gear.svg",
                "color": "#FDFDFD"
            },
            {
                "filterId": 7,
                "filterName": "Аксессуары",
                "iconCDN": "ic_acces.svg",
                "color": "#FDFDFD"
            },
            {
                "filterId": 8,
                "filterName": "Одежда",
                "iconCDN": "ic_clothes.svg",
                "color": "#FDFDFD"
            }
            ]
        },
        {
        "categoryFilterId": 2,
        "categoryFilterName": "Редкость",
        "filters": [
            {
                "filterId": 1,
                "filterName": "Обычные",
                "color": "#FDFDFD"
            },
            {
                "filterId": 2,
                "filterName": "Необычные",
                "color": "#12DD00"
            },
            {
                "filterId": 3,
                "filterName": "Редкие",
                "color": "#3EA2FF"
            },
            {
                "filterId": 4,
                "filterName": "Эпические",
                "color": "#C173FE"
            },
            {
                "filterId": 5,
                "filterName": "Легендарные",
                "color": "#FFCC00"
            }
        ]
      }
    ]
}