[
  {
    "online": "1300",
    "maxonline": "1300",
    "color": "FF0000",
    "x2": "true",
    "key": "1424",
    "name": "BLACK RUSSIA | RED",
    "firstname": "RED",
    "secondname": "",
    "url": "red.blackrussia.online",
    "ip": "80.66.82.46",
    "port": "5125"
  },
  {
    "online": "1300",
    "maxonline": "1300",
    "color": "00FF00",
    "x2": "true",
    "key": "1424",
    "name": "BLACK RUSSIA | GREEN",
    "firstname": "GREEN",
    "secondname": "",
    "url": "green.blackrussia.online",
    "ip": "80.66.82.47",
    "port": "5125"
  },
  {
    "online": "1300",
    "maxonline": "1300",
    "color": "2D57EC",
    "x2": "true",
    "key": "1424",
    "name": "BLACK RUSSIA | BLUE",
    "firstname": "BLUE",
    "secondname": "",
    "url": "blue.blackrussia.online",
    "ip": "80.66.82.197",
    "port": "5125"
  },
  {
    "online": "1165",
    "maxonline": "1300",
    "color": "FFFF00",
    "x2": "true",
    "key": "1424",
    "name": "BLACK RUSSIA | YELLOW",
    "firstname": "YELLOW",
    "secondname": "",
    "url": "yellow.blackrussia.online",
    "ip": "80.66.82.198",
    "port": "5125"
  },
  {
    "online": "1236",
    "maxonline": "1300",
    "color": "FFA500",
    "x2": "true",
    "key": "1424",
    "name": "BLACK RUSSIA | ORANGE",
    "firstname": "ORANGE",
    "secondname": "",
    "url": "orange.blackrussia.online",
    "ip": "80.66.82.210",
    "port": "5125"
  },
  {
    "online": "1300",
    "maxonline": "1300",
    "color": "800080",
    "x2": "true",
    "key": "1424",
    "name": "BLACK RUSSIA | PURPLE",
    "firstname": "PURPLE",
    "secondname": "",
    "url": "purple.blackrussia.online",
    "ip": "80.66.82.211",
    "port": "5125"
  },
  {
    "online": "1204",
    "maxonline": "1300",
    "color": "CCFF00",
    "x2": "true",
    "key": "1424",
    "name": "BLACK RUSSIA | LIME",
    "firstname": "LIME",
    "secondname": "",
    "url": "lime.blackrussia.online",
    "ip": "80.66.82.208",
    "port": "5125"
  },
  {
    "online": "1300",
    "maxonline": "1300",
    "color": "FF69B4",
    "x2": "true",
    "key": "1424",
    "name": "BLACK RUSSIA | PINK",
    "firstname": "PINK",
    "secondname": "",
    "url": "pink.blackrussia.online",
    "ip": "80.66.82.209",
    "port": "5125"
  },
  {
    "online": "1223",
    "maxonline": "1300",
    "color": "790604",
    "x2": "true",
    "key": "1424",
    "name": "BLACK RUSSIA | CHERRY",
    "firstname": "CHERRY",
    "secondname": "",
    "url": "cherry.blackrussia.online",
    "ip": "80.66.82.236",
    "port": "5125"
  },
  {
    "online": "1275",
    "maxonline": "1300",
    "color": "33393D",
    "x2": "true",
    "key": "1424",
    "name": "BLACK RUSSIA | BLACK",
    "firstname": "BLACK",
    "secondname": "",
    "url": "black.blackrussia.online",
    "ip": "80.66.82.237",
    "port": "5125"
  },
  {
    "online": "1212",
    "maxonline": "1300",
    "color": "4B0082",
    "x2": "true",
    "key": "1424",
    "name": "BLACK RUSSIA | INDIGO",
    "firstname": "INDIGO",
    "secondname": "",
    "url": "indigo.blackrussia.online",
    "ip": "80.66.82.233",
    "port": "5125"
  },
  {
    "online": "1250",
    "maxonline": "1300",
    "color": "FFFFFF",
    "x2": "true",
    "key": "1424",
    "name": "BLACK RUSSIA | WHITE",
    "firstname": "WHITE",
    "secondname": "",
    "url": "white.blackrussia.online",
    "ip": "80.66.82.234",
    "port": "5125"
  },
  {
    "online": "1108",
    "maxonline": "1300",
    "color": "C406C4",
    "x2": "true",
    "key": "1424",
    "name": "BLACK RUSSIA | MAGENTA",
    "firstname": "MAGENTA",
    "secondname": "",
    "url": "magenta.blackrussia.online",
    "ip": "80.66.82.253",
    "port": "5125"
  },
  {
    "online": "1300",
    "maxonline": "1300",
    "color": "D9133B",
    "x2": "true",
    "key": "1424",
    "name": "BLACK RUSSIA | CRIMSON",
    "firstname": "CRIMSON",
    "secondname": "",
    "url": "crimson.blackrussia.online",
    "ip": "80.66.82.254",
    "port": "5125"
  },
  {
    "online": "1300",
    "maxonline": "1300",
    "color": "F1B61F",
    "x2": "true",
    "key": "1424",
    "name": "BLACK RUSSIA | GOLD",
    "firstname": "GOLD",
    "secondname": "",
    "url": "gold.blackrussia.online",
    "ip": "80.66.82.180",
    "port": "5125"
  },
  {
    "online": "1047",
    "maxonline": "1300",
    "color": "3097FF",
    "x2": "true",
    "key": "1424",
    "name": "BLACK RUSSIA | AZURE",
    "firstname": "AZURE",
    "secondname": "",
    "url": "azure.blackrussia.online",
    "ip": "80.66.82.181",
    "port": "5125"
  },
  {
    "online": "1074",
    "maxonline": "1300",
    "color": "868480",
    "x2": "true",
    "key": "1424",
    "name": "BLACK RUSSIA | PLATINUM",
    "firstname": "PLATINUM",
    "secondname": "",
    "url": "platinum.blackrussia.online",
    "ip": "80.66.82.175",
    "port": "5125"
  },
  {
    "online": "1173",
    "maxonline": "1300",
    "color": "0DEDED",
    "x2": "true",
    "key": "1424",
    "name": "BLACK RUSSIA | AQUA",
    "firstname": "AQUA",
    "secondname": "",
    "url": "aqua.blackrussia.online",
    "ip": "80.66.82.176",
    "port": "5125"
  },
  {
    "online": "1053",
    "maxonline": "1300",
    "color": "C7C2C1",
    "x2": "true",
    "key": "1424",
    "name": "BLACK RUSSIA | GRAY",
    "firstname": "GRAY",
    "secondname": "",
    "url": "gray.blackrussia.online",
    "ip": "80.66.82.171",
    "port": "5125"
  },
  {
    "online": "1245",
    "maxonline": "1300",
    "color": "B6F1FE",
    "x2": "true",
    "key": "1424",
    "name": "BLACK RUSSIA | ICE",
    "firstname": "ICE",
    "secondname": "",
    "url": "ice.blackrussia.online",
    "ip": "80.66.82.170",
    "port": "5125"
  },
  {
    "online": "1148",
    "maxonline": "1300",
    "color": "FE2726",
    "x2": "true",
    "key": "1424",
    "name": "BLACK RUSSIA | CHILLI",
    "firstname": "CHILLI",
    "secondname": "",
    "url": "chilli.blackrussia.online",
    "ip": "80.66.82.166",
    "port": "5125"
  },
  {
    "online": "1230",
    "maxonline": "1300",
    "color": "BF835C",
    "x2": "true",
    "key": "1424",
    "name": "BLACK RUSSIA | CHOCO",
    "firstname": "CHOCO",
    "secondname": "",
    "url": "choco.blackrussia.online",
    "ip": "80.66.82.167",
    "port": "5125"
  },
  {
    "online": "1300",
    "maxonline": "1300",
    "color": "FF2B3B",
    "x2": "true",
    "key": "1424",
    "name": "BLACK RUSSIA | MOSCOW",
    "firstname": "MOSCOW",
    "secondname": "",
    "url": "moscow.blackrussia.online",
    "ip": "80.66.82.157",
    "port": "5125"
  },
  {
    "online": "1286",
    "maxonline": "1300",
    "color": "11A6FA",
    "x2": "true",
    "key": "1424",
    "name": "BLACK RUSSIA | SPB",
    "firstname": "SPB",
    "secondname": "",
    "url": "spb.blackrussia.online",
    "ip": "80.66.82.158",
    "port": "5125"
  },
  {
    "online": "1228",
    "maxonline": "1300",
    "color": "FFBA08",
    "x2": "true",
    "key": "1424",
    "name": "BLACK RUSSIA | UFA",
    "firstname": "UFA",
    "secondname": "",
    "url": "ufa.blackrussia.online",
    "ip": "80.66.82.151",
    "port": "5125"
  },
  {
    "online": "1233",
    "maxonline": "1300",
    "color": "01AFD6",
    "x2": "true",
    "key": "1424",
    "name": "BLACK RUSSIA | SOCHI",
    "firstname": "SOCHI",
    "secondname": "",
    "url": "sochi.blackrussia.online",
    "ip": "80.66.82.152",
    "port": "5125"
  },
  {
    "online": "1300",
    "maxonline": "1300",
    "color": "007DB2",
    "x2": "true",
    "key": "1424",
    "name": "BLACK RUSSIA | KAZAN",
    "firstname": "KAZAN",
    "secondname": "",
    "url": "kazan.blackrussia.online",
    "ip": "80.66.82.145",
    "port": "5125"
  },
  {
    "online": "1244",
    "maxonline": "1300",
    "color": "82339D",
    "x2": "true",
    "key": "1424",
    "name": "BLACK RUSSIA | SAMARA",
    "firstname": "SAMARA",
    "secondname": "",
    "url": "samara.blackrussia.online",
    "ip": "80.66.82.146",
    "port": "5125"
  },
  {
    "online": "1264",
    "maxonline": "1300",
    "color": "FBB040",
    "x2": "true",
    "key": "1424",
    "name": "BLACK RUSSIA | ROSTOV",
    "firstname": "ROSTOV",
    "secondname": "",
    "url": "rostov.blackrussia.online",
    "ip": "80.66.82.140",
    "port": "5125"
  },
  {
    "online": "1217",
    "maxonline": "1300",
    "color": "24ACF8",
    "x2": "true",
    "key": "1424",
    "name": "BLACK RUSSIA | ANAPA",
    "firstname": "ANAPA",
    "secondname": "",
    "url": "anapa.blackrussia.online",
    "ip": "80.66.82.141",
    "port": "5125"
  },
  {
    "online": "1300",
    "maxonline": "1300",
    "color": "93F0A4",
    "x2": "true",
    "key": "1424",
    "name": "BLACK RUSSIA | EKB",
    "firstname": "EKB",
    "secondname": "",
    "url": "ekb.blackrussia.online",
    "ip": "80.66.82.137",
    "port": "5125"
  },
  {
    "online": "1300",
    "maxonline": "1300",
    "color": "A03429",
    "x2": "true",
    "key": "1424",
    "name": "BLACK RUSSIA | KRASNODAR",
    "firstname": "KRASNODAR",
    "secondname": "",
    "url": "krasnodar.blackrussia.online",
    "ip": "80.66.82.138",
    "port": "5125"
  },
  {
    "online": "1234",
    "maxonline": "1300",
    "color": "FFF72D",
    "x2": "true",
    "key": "1424",
    "name": "BLACK RUSSIA | ARZAMAS",
    "firstname": "ARZAMAS",
    "secondname": "",
    "url": "arzamas.blackrussia.online",
    "ip": "80.66.82.134",
    "port": "5125"
  },
  {
    "online": "1135",
    "maxonline": "1300",
    "color": "99D53B",
    "x2": "true",
    "key": "1424",
    "name": "BLACK RUSSIA | NOVOSIB",
    "firstname": "NOVOSIB",
    "secondname": "",
    "url": "nsk.blackrussia.online",
    "ip": "80.66.82.135",
    "port": "5125"
  },
  {
    "online": "1300",
    "maxonline": "1300",
    "color": "009622",
    "x2": "true",
    "key": "1424",
    "name": "BLACK RUSSIA | GROZNY",
    "firstname": "GROZNY",
    "secondname": "",
    "url": "grozny.blackrussia.online",
    "ip": "80.66.82.130",
    "port": "5125"
  },
  {
    "online": "1226",
    "maxonline": "1300",
    "color": "0597EB",
    "x2": "true",
    "key": "1424",
    "name": "BLACK RUSSIA | SARATOV",
    "firstname": "SARATOV",
    "secondname": "",
    "url": "saratov.blackrussia.online",
    "ip": "80.66.82.131",
    "port": "5125"
  },
  {
    "online": "1219",
    "maxonline": "1300",
    "color": "58E1A5",
    "x2": "true",
    "key": "1424",
    "name": "BLACK RUSSIA | OMSK",
    "firstname": "OMSK",
    "secondname": "",
    "url": "omsk.blackrussia.online",
    "ip": "80.66.82.125",
    "port": "5125"
  },
  {
    "online": "1199",
    "maxonline": "1300",
    "color": "06E1FF",
    "x2": "true",
    "key": "1424",
    "name": "BLACK RUSSIA | IRKUTSK",
    "firstname": "IRKUTSK",
    "secondname": "",
    "url": "irkutsk.blackrussia.online",
    "ip": "80.66.82.126",
    "port": "5125"
  },
  {
    "online": "1300",
    "maxonline": "1300",
    "color": "FE0000",
    "x2": "true",
    "key": "1424",
    "name": "BLACK RUSSIA | VOLGOGRAD",
    "firstname": "VOLGOGRAD",
    "secondname": "",
    "url": "volgograd.blackrussia.online",
    "ip": "80.66.82.120",
    "port": "5125"
  },
  {
    "online": "1254",
    "maxonline": "1300",
    "color": "FFF200",
    "x2": "true",
    "key": "1424",
    "name": "BLACK RUSSIA | VORONEZH",
    "firstname": "VORONEZH",
    "secondname": "",
    "url": "voronezh.blackrussia.online",
    "ip": "80.66.82.121",
    "port": "5125"
  },
  {
    "online": "1072",
    "maxonline": "1300",
    "color": "0039A6",
    "x2": "true",
    "key": "1424",
    "name": "BLACK RUSSIA | BELGOROD",
    "firstname": "BELGOROD",
    "secondname": "",
    "url": "belgorod.blackrussia.online",
    "ip": "80.66.82.114",
    "port": "5125"
  },
  {
    "online": "1300",
    "maxonline": "1300",
    "color": "42AD42",
    "x2": "true",
    "key": "1424",
    "name": "BLACK RUSSIA | MAKHACHKALA",
    "firstname": "MAKHACHKALA",
    "secondname": "",
    "url": "makhachkala.blackrussia.online",
    "ip": "80.66.82.115",
    "port": "5125"
  },
  {
    "online": "1182",
    "maxonline": "1300",
    "color": "8EB0D9",
    "x2": "true",
    "key": "1424",
    "name": "BLACK RUSSIA | VLADIKAVKAZ",
    "firstname": "VLADIKAVKAZ",
    "secondname": "",
    "url": "vladikavkaz.blackrussia.online",
    "ip": "80.66.82.111",
    "port": "5125"
  },
  {
    "online": "1220",
    "maxonline": "1300",
    "color": "3A95FF",
    "x2": "true",
    "key": "1424",
    "name": "BLACK RUSSIA | VLADIVOSTOK",
    "firstname": "VLADIVOSTOK",
    "secondname": "",
    "url": "vladivostok.blackrussia.online",
    "ip": "80.66.82.187",
    "port": "5125"
  },
  {
    "online": "1069",
    "maxonline": "1300",
    "color": "F0EBC9",
    "x2": "true",
    "key": "1424",
    "name": "BLACK RUSSIA | KALININGRAD",
    "firstname": "KALININGRAD",
    "secondname": "",
    "url": "kaliningrad.blackrussia.online",
    "ip": "80.66.82.107",
    "port": "5125"
  },
  {
    "online": "1103",
    "maxonline": "1300",
    "color": "FF6B00",
    "x2": "true",
    "key": "1424",
    "name": "BLACK RUSSIA | CHELYABINSK",
    "firstname": "CHELYABINSK",
    "secondname": "",
    "url": "chelyabinsk.blackrussia.online",
    "ip": "80.66.82.108",
    "port": "5125"
  },
  {
    "online": "1079",
    "maxonline": "1300",
    "color": "D99D1C",
    "x2": "true",
    "key": "1424",
    "name": "BLACK RUSSIA | KRASNOYARSK",
    "firstname": "KRASNOYARSK",
    "secondname": "",
    "url": "krasnoyarsk.blackrussia.online",
    "ip": "80.66.82.100",
    "port": "5125"
  },
  {
    "online": "1029",
    "maxonline": "1300",
    "color": "6CBB74",
    "x2": "true",
    "key": "1424",
    "name": "BLACK RUSSIA | CHEBOKSARY",
    "firstname": "CHEBOKSARY",
    "secondname": "",
    "url": "cheboksary.blackrussia.online",
    "ip": "80.66.82.101",
    "port": "5125"
  },
  {
    "online": "1030",
    "maxonline": "1300",
    "color": "0184C4",
    "x2": "true",
    "key": "1424",
    "name": "BLACK RUSSIA | KHABAROVSK",
    "firstname": "KHABAROVSK",
    "secondname": "",
    "url": "khabarovsk.blackrussia.online",
    "ip": "80.66.82.94",
    "port": "5125"
  },
  {
    "online": "1144",
    "maxonline": "1300",
    "color": "FFD700",
    "x2": "true",
    "key": "1424",
    "name": "BLACK RUSSIA | PERM",
    "firstname": "PERM",
    "secondname": "",
    "url": "perm.blackrussia.online",
    "ip": "80.66.82.95",
    "port": "5125"
  },
  {
    "online": "1095",
    "maxonline": "1300",
    "color": "F2B647",
    "x2": "true",
    "key": "1424",
    "name": "BLACK RUSSIA | TULA",
    "firstname": "TULA",
    "secondname": "",
    "url": "tula.blackrussia.online",
    "ip": "80.66.82.92",
    "port": "5125"
  },
  {
    "online": "946",
    "maxonline": "1300",
    "color": "C659EB",
    "x2": "true",
    "key": "1424",
    "name": "BLACK RUSSIA | RYAZAN",
    "firstname": "RYAZAN",
    "secondname": "",
    "url": "ryazan.blackrussia.online",
    "ip": "80.66.82.93",
    "port": "5125"
  },
  {
    "online": "1014",
    "maxonline": "1300",
    "color": "396797",
    "x2": "true",
    "key": "1424",
    "name": "BLACK RUSSIA | MURMANSK",
    "firstname": "MURMANSK",
    "secondname": "",
    "url": "murmansk.blackrussia.online",
    "ip": "80.66.82.85",
    "port": "5125"
  },
  {
    "online": "1047",
    "maxonline": "1300",
    "color": "53E295",
    "x2": "true",
    "key": "1424",
    "name": "BLACK RUSSIA | PENZA",
    "firstname": "PENZA",
    "secondname": "",
    "url": "penza.blackrussia.online",
    "ip": "80.66.82.86",
    "port": "5125"
  },
  {
    "online": "1149",
    "maxonline": "1300",
    "color": "9E1C00",
    "x2": "true",
    "key": "1424",
    "name": "BLACK RUSSIA | KURSK",
    "firstname": "KURSK",
    "secondname": "",
    "url": "kursk.blackrussia.online",
    "ip": "80.66.82.83",
    "port": "5125"
  },
  {
    "online": "957",
    "maxonline": "1300",
    "color": "FF007A",
    "x2": "true",
    "key": "1424",
    "name": "BLACK RUSSIA | ARKHANGELSK",
    "firstname": "ARKHANGELSK",
    "secondname": "",
    "url": "arkhangelsk.blackrussia.online",
    "ip": "80.66.82.84",
    "port": "5125"
  },
  {
    "online": "975",
    "maxonline": "1300",
    "color": "E39012",
    "x2": "true",
    "key": "1424",
    "name": "BLACK RUSSIA | ORENBURG",
    "firstname": "ORENBURG",
    "secondname": "",
    "url": "orenburg.blackrussia.online",
    "ip": "80.66.82.76",
    "port": "5125"
  },
  {
    "online": "1007",
    "maxonline": "1300",
    "color": "939393",
    "x2": "true",
    "key": "1424",
    "name": "BLACK RUSSIA | KIROV",
    "firstname": "KIROV",
    "secondname": "",
    "url": "kirov.blackrussia.online",
    "ip": "80.66.82.77",
    "port": "5125"
  },
  {
    "online": "1087",
    "maxonline": "1300",
    "color": "F61A1B",
    "x2": "true",
    "key": "1424",
    "name": "BLACK RUSSIA | KEMEROVO",
    "firstname": "KEMEROVO",
    "secondname": "",
    "url": "kemerovo.blackrussia.online",
    "ip": "80.66.82.74",
    "port": "5125"
  },
  {
    "online": "927",
    "maxonline": "1300",
    "color": "44C9F3",
    "x2": "true",
    "key": "1424",
    "name": "BLACK RUSSIA | TYUMEN",
    "firstname": "TYUMEN",
    "secondname": "",
    "url": "tyumen.blackrussia.online",
    "ip": "80.66.82.75",
    "port": "5125"
  },
  {
    "online": "981",
    "maxonline": "1300",
    "color": "8F00FF",
    "x2": "true",
    "key": "1424",
    "name": "BLACK RUSSIA | TOLYATTI",
    "firstname": "TOLYATTI",
    "secondname": "",
    "url": "tolyatti.blackrussia.online",
    "ip": "80.66.82.72",
    "port": "5125"
  },
  {
    "online": "928",
    "maxonline": "1300",
    "color": "D5AF80",
    "x2": "true",
    "key": "1424",
    "name": "BLACK RUSSIA | IVANOVO",
    "firstname": "IVANOVO",
    "secondname": "",
    "url": "ivanovo.blackrussia.online",
    "ip": "80.66.82.73",
    "port": "5125"
  },
  {
    "online": "1044",
    "maxonline": "1300",
    "color": "3F6BE9",
    "x2": "true",
    "key": "1424",
    "name": "BLACK RUSSIA | STAVROPOL",
    "firstname": "STAVROPOL",
    "secondname": "",
    "url": "stavropol.blackrussia.online",
    "ip": "80.66.82.67",
    "port": "5125"
  },
  {
    "online": "938",
    "maxonline": "1300",
    "color": "EE703E",
    "x2": "true",
    "key": "1424",
    "name": "BLACK RUSSIA | SMOLENSK",
    "firstname": "SMOLENSK",
    "secondname": "",
    "url": "smolensk.blackrussia.online",
    "ip": "80.66.82.68",
    "port": "5125"
  },
  {
    "online": "940",
    "maxonline": "1300",
    "color": "63A62E",
    "x2": "true",
    "key": "1424",
    "name": "BLACK RUSSIA | PSKOV",
    "firstname": "PSKOV",
    "secondname": "",
    "url": "pskov.blackrussia.online",
    "ip": "80.66.82.124",
    "port": "5125"
  },
  {
    "online": "1296",
    "maxonline": "1300",
    "color": "26EEBE",
    "x2": "true",
    "key": "1424",
    "name": "BLACK RUSSIA | BRYANSK",
    "firstname": "BRYANSK",
    "secondname": "",
    "url": "bryansk.blackrussia.online",
    "ip": "80.66.82.183",
    "port": "5125"
  },
  {
    "online": "1015",
    "maxonline": "1300",
    "color": "FFEA03",
    "x2": "true",
    "key": "1424",
    "name": "BLACK RUSSIA | OREL",
    "firstname": "OREL",
    "secondname": "",
    "url": "orel.blackrussia.online",
    "ip": "80.66.82.64",
    "port": "5125"
  },
  {
    "online": "942",
    "maxonline": "1300",
    "color": "D01D0D",
    "x2": "true",
    "key": "1424",
    "name": "BLACK RUSSIA | YAROSLAVL",
    "firstname": "YAROSLAVL",
    "secondname": "",
    "url": "yaroslavl.blackrussia.online",
    "ip": "80.66.82.65",
    "port": "5125"
  },
  {
    "online": "945",
    "maxonline": "1300",
    "color": "797CC7",
    "x2": "true",
    "key": "1424",
    "name": "BLACK RUSSIA | BARNAUL",
    "firstname": "BARNAUL",
    "secondname": "",
    "url": "barnaul.blackrussia.online",
    "ip": "80.66.82.56",
    "port": "5125"
  },
  {
    "online": "979",
    "maxonline": "1300",
    "color": "CCD0DA",
    "x2": "true",
    "key": "1424",
    "name": "BLACK RUSSIA | LIPETSK",
    "firstname": "LIPETSK",
    "secondname": "",
    "url": "lipetsk.blackrussia.online",
    "ip": "80.66.82.57",
    "port": "5125"
  },
  {
    "online": "925",
    "maxonline": "1300",
    "color": "B55624",
    "x2": "true",
    "key": "1424",
    "name": "BLACK RUSSIA | ULYANOVSK",
    "firstname": "ULYANOVSK",
    "secondname": "",
    "url": "ulyanovsk.blackrussia.online",
    "ip": "80.66.82.52",
    "port": "5125"
  },
  {
    "online": "1300",
    "maxonline": "1300",
    "color": "44BFFC",
    "x2": "true",
    "key": "1424",
    "name": "BLACK RUSSIA | YAKUTSK",
    "firstname": "YAKUTSK",
    "secondname": "",
    "url": "yakutsk.blackrussia.online",
    "ip": "80.66.82.53",
    "port": "5125"
  },
  {
    "online": "1026",
    "maxonline": "1300",
    "color": "959595",
    "x2": "true",
    "key": "1424",
    "name": "BLACK RUSSIA | TAMBOV",
    "firstname": "TAMBOV",
    "secondname": "",
    "url": "tambov.blackrussia.online",
    "ip": "80.66.82.50",
    "port": "5125"
  },
  {
    "online": "995",
    "maxonline": "1300",
    "color": "E0C1A0",
    "x2": "true",
    "key": "1424",
    "name": "BLACK RUSSIA | BRATSK",
    "firstname": "BRATSK",
    "secondname": "",
    "url": "bratsk.blackrussia.online",
    "ip": "80.66.82.51",
    "port": "5125"
  },
  {
    "online": "1300",
    "maxonline": "1300",
    "color": "F7243A",
    "x2": "true",
    "key": "1424",
    "name": "BLACK RUSSIA | ASTRAKHAN",
    "firstname": "ASTRAKHAN",
    "secondname": "",
    "url": "astrakhan.blackrussia.online",
    "ip": "80.66.82.42",
    "port": "5125"
  },
  {
    "online": "1259",
    "maxonline": "1300",
    "color": "35CA68",
    "x2": "true",
    "key": "1424",
    "name": "BLACK RUSSIA | CHITA",
    "firstname": "CHITA",
    "secondname": "",
    "url": "chita.blackrussia.online",
    "ip": "80.66.82.43",
    "port": "5125"
  },
  {
    "online": "1099",
    "maxonline": "1300",
    "color": "F1B10D",
    "x2": "true",
    "key": "1424",
    "name": "BLACK RUSSIA | KOSTROMA",
    "firstname": "KOSTROMA",
    "secondname": "",
    "url": "kostroma.blackrussia.online",
    "ip": "80.66.82.38",
    "port": "5125"
  },
  {
    "online": "956",
    "maxonline": "1300",
    "color": "F58041",
    "x2": "true",
    "key": "1424",
    "name": "BLACK RUSSIA | VLADIMIR",
    "firstname": "VLADIMIR",
    "secondname": "",
    "url": "vladimir.blackrussia.online",
    "ip": "80.66.82.36",
    "port": "5125"
  },
  {
    "online": "869",
    "maxonline": "1300",
    "color": "3032A4",
    "x2": "true",
    "key": "1424",
    "name": "BLACK RUSSIA | KALUGA",
    "firstname": "KALUGA",
    "secondname": "",
    "url": "kaluga.blackrussia.online",
    "ip": "80.66.82.35",
    "port": "5125"
  },
  {
    "online": "990",
    "maxonline": "1300",
    "color": "FFC700",
    "x2": "true",
    "key": "1424",
    "name": "BLACK RUSSIA | NOVGOROD",
    "firstname": "NOVGOROD",
    "secondname": "",
    "url": "novgorod.blackrussia.online",
    "ip": "80.66.82.34",
    "port": "5125"
  },
  {
    "online": "1118",
    "maxonline": "1300",
    "color": "984FCF",
    "x2": "true",
    "key": "1424",
    "name": "BLACK RUSSIA | TAGANROG",
    "firstname": "TAGANROG",
    "secondname": "",
    "url": "taganrog.blackrussia.online",
    "ip": "80.66.82.26",
    "port": "5125"
  },
  {
    "online": "948",
    "maxonline": "1300",
    "color": "F54141",
    "x2": "true",
    "key": "1424",
    "name": "BLACK RUSSIA | VOLOGDA",
    "firstname": "VOLOGDA",
    "secondname": "",
    "url": "vologda.blackrussia.online",
    "ip": "80.66.82.27",
    "port": "5125"
  },
  {
    "online": "866",
    "maxonline": "1300",
    "color": "84B6FF",
    "x2": "true",
    "key": "1424",
    "name": "BLACK RUSSIA | TVER",
    "firstname": "TVER",
    "secondname": "",
    "url": "tver.blackrussia.online",
    "ip": "80.66.82.23",
    "port": "5125"
  },
  {
    "online": "1177",
    "maxonline": "1300",
    "color": "00E9B2",
    "x2": "true",
    "key": "1424",
    "name": "BLACK RUSSIA | TOMSK",
    "firstname": "TOMSK",
    "secondname": "",
    "url": "tomsk.blackrussia.online",
    "ip": "80.66.82.24",
    "port": "5125"
  },
  {
    "online": "1300",
    "maxonline": "1300",
    "color": "00A2A4",
    "x2": "true",
    "key": "1424",
    "name": "BLACK RUSSIA | IZHEVSK",
    "firstname": "IZHEVSK",
    "secondname": "",
    "url": "izhevsk.blackrussia.online",
    "ip": "80.66.82.20",
    "port": "5125"
  }
]