{
	"banner": 
	{
		"title1": "TANPIN X BLACK RUSSIA",
		"description1": "COLLECTION V1.0<br><font color=#FFC700>CYBER",
		"title2": "Играй и зарабатывай!",
		"description2": "Регистрируйтесь на <font color=#12DD00>Tanpin</font> и соревнуйтесь за <font color=#FFC700>эксклюзивные призы</font>!<br> Заходите <font color=#FFC700>ежедневно</font> в BLACK RUSSIA,<br> выполняйте<font color=#FFC700> разнообразные задания</font> и получайте <font color=#12DD00>Tanpin Points</font>.<br>Лучшие из лучших получат <font color=#FFC700>уникальные игровые награды</font>!",
		"title3": "Скоро на Tanpin:",
		"description3": "Регистрируйтесь на <font color=#12DD00>Tanpin</font><br>и <font color=#FFC700>выполняйте задания в Black Russia",
		"backGroundImage": "bg_collab_tanpin.png",
		"leftImage": "ic_logo_collab_tanpin.png",
		"rightImage": "img_collab_tanpin_banner.png",
		"buttonText": "Открыть"
	},
	"rewards": 
	[
		{
			"type": 1,
			"renderId": "img_punker_tanpin.png",
			"rarity": 6
		},
		{
			"type": 1,
			"renderId": "img_cyberman_tanpin.png",
			"rarity": 5
		},
		{
			"type": 1,
			"renderId": "img_cybergirl_tanpin.png",
			"rarity": 5
		},
		{
			"type": 1,
			"renderId": "img_cyberglasses_tanpin.png",
			"rarity": 5
		},
		{
			"type": 1,
			"renderId": "img_gasmask_tanpin.png",
			"rarity": 4
		},
		{
			"type": 1,
			"renderId": "img_cyberbackpack_tanpin.png",
			"rarity": 4
		}

	]
} 