[
  {
    "id": "1",
    "name": "BMW X6M F16",
    "market_name": "Boomer F6",
    "modelid": "400"
  },
  {
    "id": "2",
    "name": "VAZ 2101",
    "market_name": "Копейка",
    "modelid": "401"
  },
  {
    "id": "3",
    "name": "Mercedes-Benz GT63s",
    "market_name": "GT63s",
    "modelid": "402"
  },
  {
    "id": "4",
    "name": "Renault Premium",
    "market_name": "Truck Premium",
    "modelid": "403"
  },
  {
    "id": "5",
    "name": "ВАЗ 2107",
    "market_name": "Семерка",
    "modelid": "404"
  },
  {
    "id": "6",
    "name": "Audi RS6",
    "market_name": "Aura Road 6",
    "modelid": "405"
  },
  {
    "id": "7",
    "name": "ЗИЛ 131 Самосвал",
    "market_name": "АЗ 131",
    "modelid": "406"
  },
  {
    "id": "8",
    "name": "Пожарка",
    "modelid": "407"
  },
  {
    "id": "9",
    "name": "Мусоровоз",
    "modelid": "408"
  },
  {
    "id": "10",
    "name": "Лимузин",
    "market_name": "Лимузин",
    "modelid": "409"
  },
  {
    "id": "11",
    "name": "Mercedes-Benz C63s AMG",
    "market_name": "C63s",
    "modelid": "410"
  },
  {
    "id": "12",
    "name": "Aston Martin DB11",
    "market_name": "AMerlin 11",
    "modelid": "411"
  },
  {
    "id": "13",
    "name": "VAZ 2106",
    "market_name": "Шестерка",
    "modelid": "412"
  },
  {
    "id": "14",
    "name": "Gazelle 3221",
    "market_name": "АЗ 3221",
    "modelid": "413"
  },
  {
    "id": "15",
    "name": "Gaz Vector Next",
    "market_name": "АЗ 3204",
    "modelid": "414"
  },
  {
    "id": "16",
    "name": "Lamborghini Aventador S",
    "market_name": "Emperador",
    "modelid": "415"
  },
  {
    "id": "17",
    "name": "Mercedes-Benz Sprinter",
    "market_name": "M Sprint СМП",
    "modelid": "416"
  },
  {
    "id": "18",
    "name": "Leviathn",
    "market_name": "Leviafan",
    "modelid": "417"
  },
  {
    "id": "19",
    "name": "Volkswagen Multivan T6",
    "market_name": "V Multibus",
    "modelid": "418"
  },
  {
    "id": "20",
    "name": "Mercedes-Benz E420 W210",
    "market_name": "E420",
    "modelid": "419"
  },
  {
    "id": "21",
    "name": "Audi RS6 C7 Рестайлинг",
    "market_name": "Aura Road 6 C7",
    "modelid": "420"
  },
  {
    "id": "22",
    "name": "Mercedes-Benz W124",
    "market_name": "W124",
    "modelid": "421"
  },
  {
    "id": "23",
    "name": "УАЗ Буханка",
    "market_name": "АЗ Буханка",
    "modelid": "422"
  },
  {
    "id": "24",
    "name": "MrWhoop",
    "modelid": "423"
  },
  {
    "id": "25",
    "name": "CMЗ",
    "modelid": "424"
  },
  {
    "id": "26",
    "name": "Hunter",
    "market_name": "Auto Hunter",
    "modelid": "425"
  },
  {
    "id": "27",
    "name": "BMW M5 E39",
    "market_name": "Boomer 5 E39",
    "modelid": "426"
  },
  {
    "id": "28",
    "name": "Gazelle 3221",
    "market_name": "АЗ 3221",
    "modelid": "427"
  },
  {
    "id": "29",
    "name": "Инкасатор",
    "modelid": "428"
  },
  {
    "id": "30",
    "name": "Mercedes-Benz GT-R",
    "market_name": "M GT-R",
    "modelid": "429"
  },
  {
    "id": "31",
    "name": "Лодка Вихрь",
    "market_name": "Лодка Вихрь",
    "modelid": "430"
  },
  {
    "id": "32",
    "name": "Лиаз 677",
    "modelid": "431"
  },
  {
    "id": "33",
    "name": "Танк",
    "modelid": "432"
  },
  {
    "id": "34",
    "name": "КАМАЗ 54115",
    "market_name": "CUMZ 54115",
    "modelid": "433"
  },
  {
    "id": "35",
    "name": "Ford 1933 HotRod",
    "market_name": "HotRoad 1933",
    "modelid": "434"
  },
  {
    "id": "36",
    "name": "Прицеп",
    "modelid": "435"
  },
  {
    "id": "37",
    "name": "Mitsubishi Lancer Evo X",
    "market_name": "Mitsu EVA",
    "modelid": "436",
    "imageName": "img_436.png"
  },
  {
    "id": "38",
    "name": "Икарус",
    "modelid": "437"
  },
  {
    "id": "39",
    "name": "Gaz 2402 Halloween",
    "market_name": "АЗ Гроб",
    "modelid": "438"
  },
  {
    "id": "40",
    "name": "VAZ 2108",
    "market_name": "Восьмерка",
    "modelid": "439"
  },
  {
    "id": "41",
    "name": "Mercedes-Benz V-Class W447",
    "market_name": "M Multibus",
    "modelid": "440"
  },
  {
    "id": "42",
    "name": "RCcar",
    "modelid": "441"
  },
  {
    "id": "43",
    "name": "Volvo V60",
    "market_name": "60 V",
    "modelid": "442"
  },
  {
    "id": "44",
    "name": "Автовоз",
    "modelid": "443"
  },
  {
    "id": "45",
    "name": "Монстр",
    "modelid": "444"
  },
  {
    "id": "46",
    "name": "Acura TSX",
    "market_name": "TSX",
    "modelid": "445"
  },
  {
    "id": "47",
    "name": "Лодка Охотник",
    "market_name": "Лодка Охотник",
    "modelid": "446"
  },
  {
    "id": "48",
    "name": "Водный верт",
    "modelid": "447"
  },
  {
    "id": "49",
    "name": "Минск 125",
    "market_name": "Москва",
    "modelid": "448"
  },
  {
    "id": "50",
    "name": "Цистенра",
    "modelid": "449"
  },
  {
    "id": "51",
    "name": "Прицеп",
    "modelid": "450"
  },
  {
    "id": "52",
    "name": "McLaren 600LT",
    "market_name": "600 LT",
    "modelid": "451"
  },
  {
    "id": "53",
    "name": "Marine Yacht",
    "market_name": "Marine Yacht",
    "modelid": "452"
  },
  {
    "id": "54",
    "name": "Sea Yacht",
    "market_name": "Sea Yacht",
    "modelid": "453"
  },
  {
    "id": "55",
    "name": "Ocean Yacht",
    "market_name": "Ocean Yacht",
    "modelid": "454"
  },
  {
    "id": "56",
    "name": "Грейдер",
    "modelid": "455"
  },
  {
    "id": "57",
    "name": "Gazelle 3310 (Автозак)",
    "market_name": "Автозак",
    "modelid": "456"
  },
  {
    "id": "58",
    "name": "Гольф кар",
    "modelid": "457"
  },
  {
    "id": "59",
    "name": "VAZ 2114",
    "market_name": "Четырка",
    "modelid": "458"
  },
  {
    "id": "60",
    "name": "Topfun",
    "modelid": "459"
  },
  {
    "id": "61",
    "name": "Водн самолет",
    "modelid": "460"
  },
  {
    "id": "62",
    "name": "Ducati SuperSport S",
    "market_name": "Moto SuperSport",
    "modelid": "461"
  },
  {
    "id": "63",
    "name": "Racer Sport",
    "market_name": "Moto Light",
    "modelid": "462"
  },
  {
    "id": "64",
    "name": "Ducati XDiavel S",
    "market_name": "Moto Diavel",
    "modelid": "463"
  },
  {
    "id": "65",
    "name": "RCplane",
    "modelid": "464"
  },
  {
    "id": "66",
    "name": "RCheli",
    "modelid": "465"
  },
  {
    "id": "67",
    "name": "BMW M5 F90",
    "market_name": "Boomer 5 F90",
    "modelid": "466"
  },
  {
    "id": "68",
    "name": "Mercedes-Benz S600 W140",
    "market_name": "S600 W140",
    "modelid": "467"
  },
  {
    "id": "69",
    "name": "Aprilla MXV 450",
    "market_name": "Moto MXV",
    "modelid": "468"
  },
  {
    "id": "70",
    "name": "Sparrow",
    "modelid": "469"
  },
  {
    "id": "71",
    "name": "Gaz Tigr",
    "market_name": "АЗ Тигр",
    "modelid": "470"
  },
  {
    "id": "72",
    "name": "Квадроцикл",
    "market_name": "Квадроцикл",
    "modelid": "471"
  },
  {
    "id": "73",
    "name": "Моторная лодка",
    "market_name": "Моторная лодка",
    "modelid": "472"
  },
  {
    "id": "74",
    "name": "Гидроцикл",
    "market_name": "Гидроцикл",
    "modelid": "473"
  },
  {
    "id": "75",
    "name": "ГАЗ 21",
    "modelid": "474"
  },
  {
    "id": "76",
    "name": "Audi Q8",
    "market_name": "Aura O8",
    "modelid": "475"
  },
  {
    "id": "77",
    "name": "Истребитель",
    "modelid": "476"
  },
  {
    "id": "78",
    "name": "Mazda RX-7",
    "market_name": "RX-7",
    "modelid": "477"
  },
  {
    "id": "79",
    "name": "ИЖ 27151",
    "modelid": "478"
  },
  {
    "id": "80",
    "name": "GAZ Volga 2410",
    "market_name": "АЗ 2410",
    "modelid": "479"
  },
  {
    "id": "81",
    "name": "BMW Z4 M40i",
    "market_name": "Boomer 4 Кабриолет",
    "modelid": "480"
  },
  {
    "id": "82",
    "name": "Велосипед Аист",
    "modelid": "481"
  },
  {
    "id": "83",
    "name": "Mercedes-Benz V-Class",
    "market_name": "M Multibus",
    "modelid": "482"
  },
  {
    "id": "84",
    "name": "Mercedes-Benz Sprinter 319CDI",
    "market_name": "M Sprint",
    "modelid": "483"
  },
  {
    "id": "85",
    "name": "Теплоход",
    "modelid": "484"
  },
  {
    "id": "86",
    "name": "Газ Аэро",
    "modelid": "485"
  },
  {
    "id": "87",
    "name": "Бульдозер",
    "modelid": "486"
  },
  {
    "id": "88",
    "name": "Вертолет",
    "modelid": "487"
  },
  {
    "id": "89",
    "name": "News Верт",
    "modelid": "488"
  },
  {
    "id": "90",
    "name": "Volvo XC90",
    "market_name": "XC90",
    "modelid": "489"
  },
  {
    "id": "91",
    "name": "Range Rover SVR",
    "market_name": "RR Jip",
    "modelid": "490"
  },
  {
    "id": "92",
    "name": "VAZ 2112",
    "market_name": "Двенашка",
    "modelid": "491"
  },
  {
    "id": "93",
    "name": "VAZ 2109",
    "market_name": "Девятка",
    "modelid": "492"
  },
  {
    "id": "94",
    "name": "Speedy Yacht",
    "market_name": "Speedy Yacht",
    "modelid": "493"
  },
  {
    "id": "95",
    "name": "BMW I8 Roadster",
    "market_name": "Boomer 8 Roadster",
    "modelid": "494"
  },
  {
    "id": "96",
    "name": "Ford Raptor F-150",
    "market_name": "F Pickup",
    "modelid": "495"
  },
  {
    "id": "97",
    "name": "Volkswagen Golf GTI 2",
    "market_name": "Goal 2",
    "modelid": "496"
  },
  {
    "id": "98",
    "name": "Пол Верт",
    "modelid": "497"
  },
  {
    "id": "99",
    "name": "Mercedes-Benz Sprinter",
    "market_name": "M Sprint",
    "modelid": "498"
  },
  {
    "id": "100",
    "name": "ГАЗ 53",
    "market_name": "АЗ 53",
    "modelid": "499"
  },
  {
    "id": "101",
    "name": "GAZ 69",
    "market_name": "АЗ 69",
    "modelid": "500"
  },
  {
    "id": "102",
    "name": "RCgobl",
    "modelid": "501"
  },
  {
    "id": "103",
    "name": "Nissan GT-R R35",
    "market_name": "N GT-R 35",
    "modelid": "502"
  },
  {
    "id": "104",
    "name": "Dodge Demon SRT",
    "market_name": "Demon",
    "modelid": "503"
  },
  {
    "id": "105",
    "name": "Bloodra",
    "modelid": "504"
  },
  {
    "id": "106",
    "name": "Cadillac Escalade IV",
    "market_name": "Escaludore OLD",
    "modelid": "505"
  },
  {
    "id": "107",
    "name": "Porsche 911 Carrera S",
    "market_name": "911 S",
    "modelid": "506"
  },
  {
    "id": "108",
    "name": "Audi A4",
    "market_name": "Aura 4",
    "modelid": "507"
  },
  {
    "id": "109",
    "name": "УАЗ Буханка",
    "market_name": "АЗ Буханка",
    "modelid": "508"
  },
  {
    "id": "110",
    "name": "Велосипед Урал",
    "modelid": "509"
  },
  {
    "id": "111",
    "name": "Горный Велосипед",
    "modelid": "510"
  },
  {
    "id": "112",
    "name": "Beagle",
    "modelid": "511"
  },
  {
    "id": "113",
    "name": "Cropdast",
    "modelid": "512"
  },
  {
    "id": "114",
    "name": "Stunt",
    "modelid": "513"
  },
  {
    "id": "115",
    "name": "DAF XF16 Euro 6",
    "market_name": "Truck Euro",
    "modelid": "514"
  },
  {
    "id": "116",
    "name": "КАЗ",
    "modelid": "515"
  },
  {
    "id": "117",
    "name": "Volkswagen Polo",
    "market_name": "Dulo",
    "modelid": "516"
  },
  {
    "id": "118",
    "name": "РАФ Латвия",
    "modelid": "517"
  },
  {
    "id": "119",
    "name": "ЕРАЗ 977",
    "modelid": "518"
  },
  {
    "id": "120",
    "name": "Shamal",
    "modelid": "519"
  },
  {
    "id": "121",
    "name": "Истрибитель",
    "modelid": "520"
  },
  {
    "id": "122",
    "name": "BMW S 1000 RR",
    "market_name": "Moto S1000",
    "modelid": "521"
  },
  {
    "id": "123",
    "name": "Kawasaki Ninja H2R",
    "market_name": "Moto Nindzya",
    "modelid": "522"
  },
  {
    "id": "124",
    "name": "Yamaha FZ-10",
    "market_name": "Moto Yama",
    "modelid": "523"
  },
  {
    "id": "125",
    "name": "Цементовоз",
    "modelid": "524"
  },
  {
    "id": "126",
    "name": "Эвакуатор",
    "modelid": "525"
  },
  {
    "id": "127",
    "name": "Infiniti Q60S",
    "market_name": "Trinity 60",
    "modelid": "526"
  },
  {
    "id": "128",
    "name": "BMW M3 E46",
    "market_name": "Boomer 3 E46",
    "modelid": "527"
  },
  {
    "id": "129",
    "name": "Труповоз",
    "modelid": "528"
  },
  {
    "id": "130",
    "name": "VAZ 2170",
    "market_name": "АЗ 2170",
    "modelid": "529"
  },
  {
    "id": "131",
    "name": "Погрузщик",
    "modelid": "530"
  },
  {
    "id": "132",
    "name": "Трактор",
    "modelid": "531"
  },
  {
    "id": "133",
    "name": "Комбайн",
    "modelid": "532"
  },
  {
    "id": "134",
    "name": "Audi R8 V10",
    "market_name": "Aura Road 8",
    "modelid": "533"
  },
  {
    "id": "135",
    "name": "BMW M3 E30",
    "market_name": "Boomer 3 E30",
    "modelid": "534"
  },
  {
    "id": "136",
    "name": "Slamvan",
    "modelid": "535"
  },
  {
    "id": "137",
    "name": "Volvo 242DL",
    "market_name": "242 DL",
    "modelid": "536"
  },
  {
    "id": "138",
    "name": "Поезд",
    "modelid": "537"
  },
  {
    "id": "139",
    "name": "Поезд",
    "modelid": "538"
  },
  {
    "id": "140",
    "name": "Возд Подушка",
    "modelid": "539"
  },
  {
    "id": "141",
    "name": "Mazda Sedan 3",
    "market_name": "Sedan 3",
    "modelid": "540"
  },
  {
    "id": "142",
    "name": "Ferrari 488 GTB",
    "market_name": "488 Good",
    "modelid": "541"
  },
  {
    "id": "143",
    "name": "Niva Urban",
    "market_name": "Родина 4х4",
    "modelid": "542"
  },
  {
    "id": "144",
    "name": "Chevrolet Camaro ZL1",
    "market_name": "Comaric",
    "modelid": "543"
  },
  {
    "id": "145",
    "name": "Пожарка",
    "modelid": "544"
  },
  {
    "id": "146",
    "name": "Daewoo Matiz Sport",
    "market_name": "Sport Kapriz",
    "modelid": "545"
  },
  {
    "id": "147",
    "name": "Hyundai Solaris 2021",
    "market_name": "Sunarise",
    "modelid": "546"
  },
  {
    "id": "148",
    "name": "VAZ 2110",
    "market_name": "Десятка",
    "modelid": "547"
  },
  {
    "id": "149",
    "name": "Воен Верт",
    "modelid": "548"
  },
  {
    "id": "150",
    "name": "VAZ 1111",
    "market_name": "АЗ 1111",
    "modelid": "549"
  },
  {
    "id": "151",
    "name": "Toyota Camry 3.5",
    "market_name": "Camrita 3.5",
    "modelid": "550"
  },
  {
    "id": "152",
    "name": "Alfa Romeo Guilia",
    "market_name": "Julia",
    "modelid": "551"
  },
  {
    "id": "153",
    "name": "Фургон уборщ",
    "modelid": "552"
  },
  {
    "id": "154",
    "name": "Кукурузник",
    "modelid": "553"
  },
  {
    "id": "155",
    "name": "УАЗ 3303",
    "modelid": "554"
  },
  {
    "id": "156",
    "name": "ZAZ 968",
    "market_name": "АЗ 968",
    "modelid": "555"
  },
  {
    "id": "157",
    "name": "Монстр",
    "modelid": "556"
  },
  {
    "id": "158",
    "name": "Монстр",
    "modelid": "557"
  },
  {
    "id": "159",
    "name": "BMW M4 F84",
    "market_name": "Boomer 4 F84",
    "modelid": "558"
  },
  {
    "id": "160",
    "name": "Toyota Mark II",
    "market_name": "Mark II",
    "modelid": "559"
  },
  {
    "id": "161",
    "name": "Subaru WRX STI",
    "market_name": "Syberia WinR",
    "modelid": "560"
  },
  {
    "id": "162",
    "name": "Москвич 427",
    "modelid": "561"
  },
  {
    "id": "163",
    "name": "Nissan Skyline R34",
    "market_name": "Sunline 34",
    "modelid": "562"
  },
  {
    "id": "164",
    "name": "Спас верт",
    "modelid": "563"
  },
  {
    "id": "165",
    "name": "RCtank",
    "modelid": "564"
  },
  {
    "id": "166",
    "name": "Mercedes-Benz A45 AMG",
    "market_name": "A45",
    "modelid": "565"
  },
  {
    "id": "167",
    "name": "ВАЗ 2104",
    "market_name": "Четверка",
    "modelid": "566"
  },
  {
    "id": "168",
    "name": "Chevrolet Impala 1967",
    "market_name": "Ampala",
    "modelid": "567"
  },
  {
    "id": "169",
    "name": "Bandito",
    "modelid": "568"
  },
  {
    "id": "170",
    "name": "Вагон",
    "modelid": "569"
  },
  {
    "id": "171",
    "name": "Вагон",
    "modelid": "570"
  },
  {
    "id": "172",
    "name": "Карт",
    "modelid": "571"
  },
  {
    "id": "173",
    "name": "Газонокосилка",
    "modelid": "572"
  },
  {
    "id": "174",
    "name": "Puch Pinzgauer 710K",
    "market_name": "Punsh Pinga",
    "modelid": "573"
  },
  {
    "id": "175",
    "name": "Уборш улиц",
    "modelid": "574"
  },
  {
    "id": "176",
    "name": "ГАЗ 20",
    "market_name": "АЗ 20",
    "modelid": "575"
  },
  {
    "id": "177",
    "name": "Marussia B2",
    "market_name": "58-Russia 2",
    "modelid": "576"
  },
  {
    "id": "178",
    "name": "AT 400",
    "modelid": "577"
  },
  {
    "id": "179",
    "name": "ЗИЛ Борт",
    "modelid": "578"
  },
  {
    "id": "180",
    "name": "Mercedes-Benz G65 AMG",
    "market_name": "Gelik 65",
    "modelid": "579"
  },
  {
    "id": "181",
    "name": "ГАЗ 13",
    "market_name": "АЗ 13",
    "modelid": "580"
  },
  {
    "id": "182",
    "name": "Suzuki GSX-R750",
    "market_name": "GSX 750",
    "modelid": "581"
  },
  {
    "id": "183",
    "name": "Ford Transit",
    "market_name": "F Transfer",
    "modelid": "582"
  },
  {
    "id": "184",
    "name": "Tug",
    "modelid": "583"
  },
  {
    "id": "185",
    "name": "Цистерна",
    "modelid": "584"
  },
  {
    "id": "186",
    "name": "VAZ 2115",
    "market_name": "Пятнашка",
    "modelid": "585"
  },
  {
    "id": "187",
    "name": "Yamaha YZF-R6",
    "market_name": "Moto Yama R6",
    "modelid": "586"
  },
  {
    "id": "188",
    "name": "Ford Focus RS",
    "market_name": "Hocus Mocus RS",
    "modelid": "587",
    "imageName": "img_587.png"
  },
  {
    "id": "189",
    "name": "Лиаз Кафе",
    "modelid": "588"
  },
  {
    "id": "190",
    "name": "Volkswagen Golf GTI",
    "market_name": "Goal",
    "modelid": "589"
  },
  {
    "id": "191",
    "name": "Вагон",
    "modelid": "590"
  },
  {
    "id": "192",
    "name": "Прицеп",
    "modelid": "591"
  },
  {
    "id": "193",
    "name": "Androm",
    "modelid": "592"
  },
  {
    "id": "194",
    "name": "Dodo",
    "modelid": "593"
  },
  {
    "id": "195",
    "name": "RCcam",
    "modelid": "594"
  },
  {
    "id": "196",
    "name": "Launch",
    "modelid": "595"
  },
  {
    "id": "197",
    "name": "BMW M5 F90",
    "market_name": "Boomer 5 F90",
    "modelid": "596"
  },
  {
    "id": "198",
    "name": "ВАЗ 2170",
    "market_name": "АЗ 2170",
    "modelid": "597"
  },
  {
    "id": "199",
    "name": "Volkswagen Jetta",
    "market_name": "Gretta",
    "modelid": "598"
  },
  {
    "id": "200",
    "name": "УАЗ мил",
    "modelid": "599"
  },
  {
    "id": "201",
    "name": "АЗЛК 2335",
    "modelid": "600"
  },
  {
    "id": "202",
    "name": "БДРМ",
    "modelid": "601"
  },
  {
    "id": "203",
    "name": "Brawn GP F1",
    "market_name": "Black R1",
    "modelid": "602"
  },
  {
    "id": "204",
    "name": "Ford Mustang GT",
    "market_name": "F Must GT",
    "modelid": "603"
  },
  {
    "id": "205",
    "name": "Porsche Panamera S",
    "market_name": "Panama",
    "modelid": "604"
  },
  {
    "id": "206",
    "name": "Космоа вто",
    "modelid": "605"
  },
  {
    "id": "207",
    "name": "Прицеп ",
    "modelid": "606"
  },
  {
    "id": "208",
    "name": "Прицеп ",
    "modelid": "607"
  },
  {
    "id": "209",
    "name": "Лестница",
    "modelid": "608"
  },
  {
    "id": "210",
    "name": "Авиа",
    "modelid": "609"
  },
  {
    "id": "211",
    "name": "Плуг",
    "modelid": "610"
  },
  {
    "id": "212",
    "name": "Прицеп уборщ",
    "modelid": "611"
  },
  {
    "id": "213",
    "name": "Tesla Model X",
    "market_name": "Electra X",
    "modelid": "2543"
  },
  {
    "id": "214",
    "name": "Tesla Model S",
    "market_name": "Electra S",
    "modelid": "2544"
  },
  {
    "id": "215",
    "name": "Audi RS7 Sport",
    "market_name": "Aura 7 Sport",
    "modelid": "2545"
  },
  {
    "id": "216",
    "name": "Mercedes-Benz E63S",
    "market_name": "E63S",
    "modelid": "2546"
  },
  {
    "id": "217",
    "name": "Toyota Land Cruiser 200",
    "market_name": "LC 200",
    "modelid": "2547"
  },
  {
    "id": "218",
    "name": "Lada Vesta Sedan",
    "market_name": "Nevesta 1.5",
    "modelid": "2548"
  },
  {
    "id": "219",
    "name": "Lamborghini Huracan",
    "market_name": "Uragan",
    "modelid": "2549"
  },
  {
    "id": "220",
    "name": "Mercedes-Benz GLS 400",
    "market_name": "Geep 400LS",
    "modelid": "2550"
  },
  {
    "id": "221",
    "name": "Lamborghini Urus",
    "market_name": "Lumus",
    "modelid": "2551"
  },
  {
    "id": "222",
    "name": "Toyota Supra A80",
    "market_name": "Supra",
    "modelid": "2552"
  },
  {
    "id": "223",
    "name": "Audi Q7",
    "market_name": "Aura O7",
    "modelid": "2553"
  },
  {
    "id": "224",
    "name": "Jeep Grand Cherokee",
    "market_name": "Grand Big",
    "modelid": "2554"
  },
  {
    "id": "225",
    "name": "Lada Granta",
    "market_name": "АЗ Граната",
    "modelid": "2555"
  },
  {
    "id": "226",
    "name": "Lada Granta",
    "market_name": "АЗ Граната",
    "modelid": "2556"
  },
  {
    "id": "227",
    "name": "Lada Vesta SW Cross",
    "market_name": "Nevesta 2.0",
    "modelid": "2557"
  },
  {
    "id": "228",
    "name": "Mercedes-Benz MB S650",
    "market_name": "S650",
    "modelid": "2558"
  },
  {
    "id": "229",
    "name": "Cadillac Escalade",
    "market_name": "Escaludore NEW",
    "modelid": "2559"
  },
  {
    "id": "230",
    "name": "UAZ Patriot",
    "market_name": "Motherland",
    "modelid": "2560"
  },
  {
    "id": "231",
    "name": "UAZ Patriot Pickup",
    "market_name": "Motherland Pickup",
    "modelid": "2561"
  },
  {
    "id": "232",
    "name": "UAZ Patriot",
    "market_name": "Motherland",
    "modelid": "2562"
  },
  {
    "id": "233",
    "name": "Rolls-Royce Phantom",
    "market_name": "Sapphire",
    "modelid": "2563"
  },
  {
    "id": "234",
    "name": "Rolls-Royce Cullinan",
    "market_name": "Amber",
    "modelid": "2564"
  },
  {
    "id": "235",
    "name": "Renault Logan",
    "market_name": "Roggane",
    "modelid": "2565"
  },
  {
    "id": "236",
    "name": "Kia Rio",
    "market_name": "River",
    "modelid": "2566"
  },
  {
    "id": "237",
    "name": "BMW M5 E60",
    "market_name": "Boomer 5 E60",
    "modelid": "2567"
  },
  {
    "id": "238",
    "name": "BMW X5 E53",
    "market_name": "Boomer F5",
    "modelid": "2568"
  },
  {
    "id": "239",
    "name": "Bugatti La Noire",
    "market_name": "La Noire",
    "modelid": "2569"
  },
  {
    "id": "240",
    "name": "Bugatti Divo",
    "market_name": "Divero",
    "modelid": "2570"
  },
  {
    "id": "241",
    "name": "Volkswagen Station Delux",
    "market_name": "V Minibus Halloween",
    "modelid": "2571"
  },
  {
    "id": "242",
    "name": "Raesr Tachyon 2019",
    "market_name": "Taycon Halloween",
    "modelid": "2572"
  },
  {
    "id": "243",
    "name": "Mercedes-Benz G63 AMG",
    "market_name": "Gelik 63",
    "modelid": "2573"
  },
  {
    "id": "244",
    "name": "BMW X7 M50i",
    "market_name": "Boomer F7",
    "modelid": "2574"
  },
  {
    "id": "245",
    "name": "Lexus LX570",
    "market_name": "Luxe 4x4",
    "modelid": "2575"
  },
  {
    "id": "246",
    "name": "Mercury Coupe ",
    "market_name": "Mercy Coupe",
    "modelid": "2576"
  },
  {
    "id": "247",
    "name": "Morris Minor",
    "market_name": "Borris Minor",
    "modelid": "2577"
  },
  {
    "id": "248",
    "name": "BMW M8 F92",
    "market_name": "Boomer 8 F92",
    "modelid": "2578"
  },
  {
    "id": "249",
    "name": "BMW M8 F93 Gran Coupe",
    "market_name": "Boomer 8 F93",
    "modelid": "2579"
  },
  {
    "id": "250",
    "name": "BMW 7-Series E38",
    "market_name": "Boomer 7 E38",
    "modelid": "2580"
  },
  {
    "id": "251",
    "name": "Porsche Taycan Turbo S",
    "market_name": "Taigan",
    "modelid": "2581"
  },
  {
    "id": "252",
    "name": "Mercedes-Benz CLS63 AMG",
    "market_name": "Banana 63",
    "modelid": "2582"
  },
  {
    "id": "253",
    "name": "Rolls-Royce Wraith",
    "market_name": "Diamond",
    "modelid": "2583"
  },
  {
    "id": "254",
    "name": "KIA K5",
    "market_name": "Elegant 5",
    "modelid": "2584"
  },
  {
    "id": "255",
    "name": "Mercedes-Benz 300SL Coupe",
    "market_name": "Old Coupe",
    "modelid": "2585"
  },
  {
    "id": "256",
    "name": "Jaguar XK120 Roadster",
    "market_name": "Panthera Old",
    "modelid": "2586"
  },
  {
    "id": "257",
    "name": "Ford Transit 2020",
    "market_name": "F Transfer",
    "modelid": "2587"
  },
  {
    "id": "258",
    "name": "Ford Focus 3 Sedan",
    "market_name": "Hocus Mocus 3",
    "modelid": "2588"
  },
  {
    "id": "259",
    "name": "Skoda Rapid 2020",
    "market_name": "Faster",
    "modelid": "2589"
  },
  {
    "id": "260",
    "name": "Mercedes-Benz EQS580",
    "market_name": "G6",
    "modelid": "2590"
  },
  {
    "id": "261",
    "name": "Bentley Continental GT",
    "market_name": "Materic",
    "modelid": "2591"
  },
  {
    "id": "262",
    "name": "Lotus Exige Halloween",
    "market_name": "Halloween Car",
    "modelid": "2592"
  },
  {
    "id": "263",
    "name": "Lamborghini Gallardo",
    "market_name": "Colorado",
    "modelid": "2593"
  },
  {
    "id": "264",
    "name": "Subaru BRZ",
    "market_name": "Syberia BR",
    "modelid": "2594"
  },
  {
    "id": "265",
    "name": "Porsche 911 Singer",
    "market_name": "Singer 11",
    "modelid": "2595"
  },
  {
    "id": "266",
    "name": "Dodge RAM TRX",
    "market_name": "Dogger 4x4",
    "modelid": "2596"
  },
  {
    "id": "267",
    "name": "Aurus Senat",
    "market_name": "Senator",
    "modelid": "2597"
  },
  {
    "id": "268",
    "name": "BMW M4 G82",
    "market_name": "Boomer 4 G82",
    "modelid": "2598"
  },
  {
    "id": "269",
    "name": "BMW 7-Series 750Li",
    "market_name": "Boomer 7 750Li",
    "modelid": "2599"
  },
  {
    "id": "270",
    "name": "Bentley Mulliner Bacalar",
    "market_name": "Millioner",
    "modelid": "2600"
  },
  {
    "id": "271",
    "name": "Bugatti Chiron",
    "market_name": "Richon",
    "modelid": "2601"
  },
  {
    "id": "272",
    "name": "Chevrolet Tahoe RST",
    "market_name": "Taco",
    "modelid": "2602"
  },
  {
    "id": "273",
    "name": "Mercedes-Benz E63 W212",
    "market_name": "E63",
    "modelid": "2603"
  },
  {
    "id": "274",
    "name": "Volkswagen Passat 2021",
    "market_name": "Trassar",
    "modelid": "2604"
  },
  {
    "id": "275",
    "name": "Ferrari California T",
    "market_name": "California LA",
    "modelid": "2605"
  },
  {
    "id": "276",
    "name": "AC Shelby Cobra",
    "market_name": "Cobra",
    "modelid": "2606"
  },
  {
    "id": "277",
    "name": "BMW M1",
    "market_name": "Boomer M1",
    "modelid": "2607"
  },
  {
    "id": "278",
    "name": "Jeep Wrangler",
    "market_name": "Rangler",
    "modelid": "2608"
  },
  {
    "id": "279",
    "name": "Mini Cooper",
    "market_name": "Little Coop",
    "modelid": "2609"
  },
  {
    "id": "280",
    "name": "BMW M5 E34",
    "market_name": "Boomer 5 E34",
    "modelid": "2610"
  },
  {
    "id": "281",
    "name": "Audi 100 C4",
    "market_name": "Aura 100",
    "modelid": "2611"
  },
  {
    "id": "282",
    "name": "Ford Mustang Hoonigan",
    "market_name": "F Must Hoon",
    "modelid": "2612"
  },
  {
    "id": "283",
    "name": "Hummer H2 6X6",
    "market_name": "H2 6x6",
    "modelid": "2613"
  },
  {
    "id": "284",
    "name": "Ferrari 250GT California",
    "market_name": "California 250",
    "modelid": "2614"
  },
  {
    "id": "285",
    "name": "ИЖ Юпитер 5",
    "market_name": "Moto 5",
    "modelid": "2615"
  },
  {
    "id": "286",
    "name": "UAZ Hunter",
    "market_name": "Track 4x4",
    "modelid": "2616"
  },
  {
    "id": "287",
    "name": "Hummer Humvee",
    "market_name": "Big Hum",
    "modelid": "2617"
  },
  {
    "id": "288",
    "name": "BMW M3 E36",
    "market_name": "Boomer 3 E36",
    "modelid": "2618"
  },
  {
    "id": "289",
    "name": "Ferrari 488 Pista",
    "market_name": "488 Pizza",
    "modelid": "2619"
  },
  {
    "id": "290",
    "name": "Lexus RCF",
    "market_name": "Luxe RCF",
    "modelid": "2620"
  },
  {
    "id": "291",
    "name": "Xpeng P7",
    "market_name": "China Car P7",
    "modelid": "2621"
  },
  {
    "id": "292",
    "name": "Ford Mustang Mach E",
    "market_name": "F Must E",
    "modelid": "2622"
  },
  {
    "id": "293",
    "name": "Toyota Camry XV55",
    "market_name": "Camrita 55",
    "modelid": "2623"
  },
  {
    "id": "294",
    "name": "Audi A6 C5",
    "market_name": "Aura 6",
    "modelid": "2624"
  },
  {
    "id": "295",
    "name": "Infiniti FX50S",
    "market_name": "Trinity XF50",
    "modelid": "2625"
  },
  {
    "id": "296",
    "name": "Porsche Cayenne S",
    "market_name": "Canyone",
    "modelid": "2626"
  },
  {
    "id": "297",
    "name": "Nissan Silvia S15",
    "market_name": "Sliva S15",
    "modelid": "2627",
    "imageName": "sliva15_calendar.png"
  },
  {
    "id": "298",
    "name": "BRF Outlander 6x6",
    "market_name": "BRF 6x6",
    "modelid": "2628"
  },
  {
    "id": "299",
    "name": "Урал ИМЗ 8.103",
    "market_name": "Moto BP",
    "modelid": "2629"
  },
  {
    "id": "300",
    "name": "Москвич 412 Rally",
    "market_name": "Москва-Ралли",
    "modelid": "2630"
  },
  {
    "id": "301",
    "name": "Subaru WRX STI Rally",
    "market_name": "Syberia Ibizza Rally",
    "modelid": "2631"
  },
  {
    "id": "302",
    "name": "Toyota Hilux Dakar",
    "market_name": "Deluxe Car",
    "modelid": "2632"
  },
  {
    "id": "303",
    "name": "Ford GT Sport",
    "market_name": "Sport GT",
    "modelid": "2633"
  },
  {
    "id": "304",
    "name": "Chevrolet Corvette C6",
    "market_name": "Cornet",
    "modelid": "2371"
  },
  {
    "id": "305",
    "name": "Mercedes-Benz SLR McLaren",
    "market_name": "McSLR",
    "modelid": "2372"
  },
  {
    "id": "306",
    "name": "Lamborghini Diablo SV",
    "market_name": "Devils",
    "modelid": "2373"
  },
  {
    "id": "307",
    "name": "Ford Mustang Eleanor",
    "market_name": "F Must Memoir",
    "modelid": "2374"
  },
  {
    "id": "308",
    "name": "Bugatti Type 57SC Atlantic",
    "market_name": "Atlantis 56",
    "modelid": "2375"
  },
  {
    "id": "309",
    "name": "DarkFire",
    "market_name": "Moto Fire ",
    "modelid": "2376"
  },
  {
    "id": "310",
    "name": "Lykan HyperSport",
    "market_name": "Livan Sport",
    "modelid": "2377"
  },
  {
    "id": "311",
    "name": "UAZ 452 Buhanka",
    "market_name": "Буханка",
    "modelid": "2378"
  },
  {
    "id": "312",
    "name": "GAZ 3307",
    "market_name": "Газовозка",
    "modelid": "2379"
  },
  {
    "id": "313",
    "name": "Nissan Pathfinder 2022",
    "market_name": "Black Finder",
    "modelid": "2380"
  },
  {
    "id": "314",
    "name": "Opel Vivaro 2022",
    "market_name": "Guitara",
    "modelid": "2381"
  },
  {
    "id": "315",
    "name": "Niva 4x4 Storm",
    "market_name": "Storm 4x4",
    "modelid": "2382"
  },
  {
    "id": "316",
    "name": "UAZ 452 Braviy",
    "market_name": "Буханка (Бравая)",
    "modelid": "2383"
  },
  {
    "id": "317",
    "name": "Вездеход Монстр",
    "market_name": "Вездеход Монстр",
    "modelid": "2384"
  },
  {
    "id": "318",
    "name": "Nissan Qashqai",
    "market_name": "Qishqa",
    "modelid": "2385"
  },
  {
    "id": "319",
    "name": "Audi RS6 C8",
    "market_name": "Aura Road 6S",
    "modelid": "2386"
  },
  {
    "id": "320",
    "name": "BMW 3-Series G20",
    "market_name": "Boomer 3 G20",
    "modelid": "2387"
  },
  {
    "id": "321",
    "name": "BMW M5 F10",
    "market_name": "Boomer 5 F10",
    "modelid": "2388"
  },
  {
    "id": "322",
    "name": "BMW M6 F12",
    "market_name": "Boomer 6 F12",
    "modelid": "2389"
  },
  {
    "id": "323",
    "name": "BMW X5M E70",
    "market_name": "Boomer F5 E70",
    "modelid": "2390"
  },
  {
    "id": "324",
    "name": "BMW X5M G05",
    "market_name": "Boomer F5 G05",
    "modelid": "2391"
  },
  {
    "id": "325",
    "name": "Toyota Supra A90",
    "market_name": "Supra 90YO",
    "modelid": "2392"
  },
  {
    "id": "326",
    "name": "Chevrolet Corvette C8",
    "market_name": "Cornet C8",
    "modelid": "2393"
  },
  {
    "id": "327",
    "name": "Dodge Charger SRT",
    "market_name": "Charger",
    "modelid": "2394"
  },
  {
    "id": "328",
    "name": "Mitsubishi Lancer Evo 8",
    "market_name": "Mitsu EVA 8",
    "modelid": "2395"
  },
  {
    "id": "329",
    "name": "Mazda RX-8",
    "market_name": "RK8",
    "modelid": "2396"
  },
  {
    "id": "330",
    "name": "Nissan 370Z",
    "market_name": "370 Sport",
    "modelid": "2397"
  },
  {
    "id": "331",
    "name": "Flanker F",
    "market_name": "Danger",
    "modelid": "2398"
  },
  {
    "id": "332",
    "name": "Lamborghini Sesto Elemento",
    "market_name": "6 Element",
    "modelid": "2399"
  },
  {
    "id": "333",
    "name": "Saleen S7",
    "market_name": "Salon 7",
    "modelid": "2400"
  },
  {
    "id": "334",
    "name": "Ferrari F40",
    "market_name": "Fre40",
    "modelid": "2401"
  },
  {
    "id": "335",
    "name": "Hennessey Venom GT",
    "market_name": "ToxicGT",
    "modelid": "2402"
  },
  {
    "id": "336",
    "name": "Mercedes-Benz SLS AMG",
    "market_name": "CelestrialSLS",
    "modelid": "2403"
  },
  {
    "id": "337",
    "name": "Ferrari Testarossa",
    "market_name": "Rotessa",
    "modelid": "2404"
  },
  {
    "id": "338",
    "name": "Honda NSX",
    "market_name": "SportNX",
    "modelid": "2405"
  },
  {
    "id": "339",
    "name": "Ferrari Enzo",
    "market_name": "Zondo",
    "modelid": "2406"
  },
  {
    "id": "340",
    "name": "DeLorean DMC",
    "market_name": "Future DLX12",
    "modelid": "2407"
  },
  {
    "id": "341",
    "name": "Peugeot 406",
    "market_name": "Super Taxi",
    "modelid": "2408"
  },
  {
    "id": "342",
    "name": "Honda S2000",
    "market_name": "S200R",
    "modelid": "2409"
  },
  {
    "id": "343",
    "name": "Bugatti W16 Mistral",
    "market_name": "Mist 16",
    "modelid": "665"
  },
  {
    "id": "344",
    "name": "Bugatti Veyron",
    "market_name": "Veneron",
    "modelid": "666"
  },
  {
    "id": "345",
    "name": "Koenigsegg Regera",
    "market_name": "Koenig Dominant",
    "modelid": "667"
  },
  {
    "id": "346",
    "name": "Ferrari LaFerrari",
    "market_name": "Fer LFer",
    "modelid": "668"
  },
  {
    "id": "347",
    "name": "Tesla CyberTruck",
    "market_name": "Electra Truck",
    "modelid": "669"
  },
  {
    "id": "348",
    "name": "Acura NSX 2023",
    "market_name": "NSSIX",
    "modelid": "670"
  },
  {
    "id": "349",
    "name": "Lotus Emira",
    "market_name": "Emirrora",
    "modelid": "671"
  },
  {
    "id": "350",
    "name": "Mazda MX-5 Miata",
    "market_name": "MX5 Medgalia",
    "modelid": "672"
  },
  {
    "id": "351",
    "name": "Toyota AE86",
    "market_name": "True 86",
    "modelid": "673"
  },
  {
    "id": "352",
    "name": "Nissan Skyline R32",
    "market_name": "Sunliner 32",
    "modelid": "674"
  },
  {
    "id": "353",
    "name": "Kawasaki JetSki STX",
    "market_name": "Wave Rider 160",
    "modelid": "675"
  },
  {
    "id": "354",
    "name": "Subaru Levorg",
    "market_name": "Siberia LevG",
    "modelid": "678"
  },
  {
    "id": "355",
    "name": "Audi A8 2022",
    "market_name": "Aura 8",
    "modelid": "679"
  },
  {
    "id": "356",
    "name": "Range Rover Velar",
    "market_name": "RV20",
    "modelid": "680"
  },
  {
    "id": "357",
    "name": "Skoda Octavia A7",
    "market_name": "October 7",
    "modelid": "681"
  },
  {
    "id": "358",
    "name": "Toyota Prius 2018",
    "market_name": "Premierus",
    "modelid": "682"
  },
  {
    "id": "359",
    "name": "Mercedes 280SL Pagoda",
    "market_name": "280 P",
    "modelid": "638",
    "imageName": "img_638.png"
  },
  {
    "id": "360",
    "name": "Chevrolet Camaro SS",
    "market_name": "Comaric 1968",
    "modelid": "639",
    "imageName": "img_639.png"
  },
  {
    "id": "361",
    "name": "Honda CB 650R",
    "market_name": "Hand 650R",
    "modelid": "640",
    "imageName": "img_640.png"
  },
  {
    "id": "362",
    "name": "Ford Bronco",
    "market_name": "F Bro",
    "modelid": "641",
    "imageName": "img_641.png"
  },
  {
    "id": "363",
    "name": "BMW M3 G81",
    "market_name": "Boomer 3 81 Tour",
    "modelid": "642",
    "imageName": "img_642.png"
  },
  {
    "id": "364",
    "name": "Porsche 911 Dakar",
    "market_name": "Drakar 11",
    "modelid": "643",
    "imageName": "img_643.png"
  },
  {
    "id": "365",
    "name": "Nissan 240SX",
    "market_name": "S240 X",
    "modelid": "656",
    "imageName": "img_656.png"
  },
  {
    "id": "366",
    "name": "Pagani Zonda",
    "market_name": "Pag Zond",
    "modelid": "657",
    "imageName": "img_657.png"
  },
  {
    "id": "367",
    "name": "KIA Carnival",
    "market_name": "Carnaval",
    "modelid": "658",
    "imageName": "img_658.png"
  },
  {
    "id": "368",
    "name": "Зил 4104",
    "market_name": "ИЛ 41",
    "modelid": "614",
    "imageName": "img_614.png"
  },
  {
    "id": "369",
    "name": "Lincoln Navigator",
    "market_name": "Link Navigate",
    "modelid": "613",
    "imageName": "img_613.png"
  },
  {
    "id": "370",
    "name": "Ford Crown Victoria",
    "market_name": "F Crow Victory",
    "modelid": "612",
    "imageName": "img_612.png"
  },
  {
    "id": "371",
    "name": "Mercedes-Benz CLK GTR",
    "market_name": "GtCLK",
    "modelid": "615",
    "imageName": "img_615.png"
  },
  {
    "id": "372",
    "name": "Chevrolet Silverado 6x6",
    "market_name": "Silver 6x6",
    "modelid": "616",
    "imageName": "img_616.png"
  },
  {
    "id": "373",
    "name": "BMW M4 GT3",
    "market_name": "BOOMER 4 GT",
    "modelid": "617",
    "imageName": "img_617.png"
  },
  {
    "id": "374",
    "name": "Ford Torino",
    "market_name": "F Tor",
    "modelid": "618",
    "imageName": "img_618.png"
  },
  {
    "id": "375",
    "name": "Lada Kalina Sport",
    "market_name": "Linka Sport",
    "modelid": "619",
    "imageName": "img_619.png"
  },
  {
    "id": "376",
    "name": "Mercedes-Benz AMG Project One",
    "market_name": "Projectile 1",
    "modelid": "624",
    "imageName": "img_624.png"
  },
  {
    "id": "377",
    "name": "Hudson Hornet",
    "market_name": "Hudsornet",
    "modelid": "625",
    "imageName": "img_625.png"
  },
  {
    "id": "378",
    "name": "Chevrolet 3100 Tow Truck",
    "market_name": "Truck 3100",
    "modelid": "626",
    "imageName": "img_626.png"
  },
  {
    "id": "379",
    "name": "Ferrari Daytona",
    "market_name": "Fer Day-tone",
    "modelid": "627",
    "imageName": "img_627.png"
  },
  {
    "id": "380",
    "name": "Lamborghini Murcielago",
    "market_name": "Mursiege L",
    "modelid": "628",
    "imageName": "img_628.png"
  },
  {
    "id": "381",
    "name": "Dodge Ice Charger",
    "market_name": "Ice Charger",
    "modelid": "629",
    "imageName": "img_629.png"
  },
  {
    "id": "382",
    "name": "FORD FALCON XB",
    "market_name": "F FalcXB",
    "modelid": "630",
    "imageName": "img_630.png"
  },
  {
    "id": "383",
    "name": "Hot-Road F132",
    "market_name": "Hot-Rod F132",
    "modelid": "631",
    "imageName": "img_631.png"
  },
  {
    "id": "384",
    "name": "SCG 003",
    "market_name": "SCG 003",
    "modelid": "632",
    "imageName": "img_632.png"
  },
  {
    "id": "385",
    "name": "Mitsubishi Eclipse",
    "market_name": "Mitsu Clips",
    "modelid": "633",
    "imageName": "img_633.png"
  },
  {
    "id": "386",
    "name": "Smart Fortwo 2",
    "market_name": "Smart2",
    "modelid": "634",
    "imageName": "img_634.png"
  },
  {
    "id": "387",
    "name": "Chevrolet Bel Air",
    "market_name": "Bell-Wind",
    "modelid": "635",
    "imageName": "img_635.png"
  },
  {
    "id": "389",
    "name": "Punker",
    "market_name": "Punker",
    "modelid": "645",
    "imageName": "img_punker_tanpin.png"
  },
  {
    "id": "390",
    "name": "Ferrari 812 Superfast",
    "market_name": "Fer 812S",
    "modelid": "661",
    "imageName": "img_661.png"
  },
  {
    "id": "391",
    "name": "Renault R5 Turbo 3E",
    "market_name": "Rent 5 3E",
    "modelid": "659",
    "imageName": "img_659.png"
  },
  {
    "id": "392",
    "name": "Boss 302 Mustang",
    "market_name": "Must B302",
    "modelid": "660",
    "imageName": "img_660.png"
  },
  {
    "id": "393",
    "name": "Suzuki gsxr1100",
    "market_name": "Suzu 1100G",
    "modelid": "741",
    "imageName": "img_741.png"
  },
  {
    "id": "394",
    "name": "Toyota Celica",
    "market_name": "Celelica",
    "modelid": "739",
    "imageName": "img_739.png"
  },
  {
    "id": "395",
    "name": "Audi R8 LMS GT2",
    "market_name": "Aura R8 GT",
    "modelid": "740",
    "imageName": "img_740.png"
  },
  {
    "id": "396",
    "name": "Porsche GT3 RS 992",
    "market_name": "GT 992R ",
    "modelid": "742",
    "imageName": "img_742.png"
  },
  {
    "id": "397",
    "name": "Mercedes-Benz 190E Evo II",
    "market_name": "190 Eva 2",
    "modelid": "743",
    "imageName": "img_743.png"
  },
  {
    "id": "398",
    "name": "Toyota Tundra Nascar",
    "market_name": "Tundanas Car",
    "modelid": "744",
    "imageName": "img_744.png"
  },
  {
    "id": "399",
    "name": "Dodge Viper 2017 GTC",
    "market_name": "Viper",
    "modelid": "745",
    "imageName": "img_745.png"
  },
  {
    "id": "400",
    "name": "Lamborghini Countach",
    "market_name": "Count Touch",
    "modelid": "746",
    "imageName": "img_746.png"
  },
  {
    "id": "401",
    "name": "BMW 3.5 CSL 1974",
    "market_name": "Boomer 3.5 74",
    "modelid": "747",
    "imageName": "img_747.png"
  }
]