[
    {
        "title": "APIPY",
        "description": "Инструмент для создания своего api.json, который используется для работы с автоустановкой BLACK RUSSIA, поддерживается создание либо скачивание кеша по api.json",
        "download_link": "#"
    },
    {
        "title": "json",
        "description": "Инструмент для скачивания всех .json файлов, которые используются для BLACK RUSSIA и многих других CR:MP Mobile",
        "download_link": "#"
    },
    {
        "title": "BLACK RUSSIA 16.0.21 SYNC (NEW ENGINE)",
        "description": "BLACK RUSSIA 16.0.21 SYNC замена IP новый движок с синхронизацией",
        "download_link": "#"
    },
    {
        "title": "EH1OY Оффициальный сайт",
        "description": "EH1OY Оффициальный сайт, на котором вы сейчас находитесь",
        "download_link": "#"
    },
    {
        "title": "BLACK RUSSIA 16.0.21 JAVA",
        "description": "JAVA исходники BLACK RUSSIA 16.0.21 (NEW ENGINE), с ошибками при компиляции",
        "download_link": "#"
    }
]